File Name,Original Name,Source,,,,,,,,,
Character Creation\Aether.jpg,__lumine_and_aether_genshin_impact_drawn_by_pottsness__ce9df192b5647aaf3f8d0a8e9860e7c5.jpg,https://danbooru.donmai.us/posts/4766644,,,,,,,,,
Character Creation\Ascension_1.jpg,__aether_fischl_and_fischl_genshin_impact_drawn_by_gusha_s__9441659d6ce9db31c1c109f7c01f6a7c.jpg,https://danbooru.donmai.us/posts/5521077,,,,,,,,,
Character Creation\Ascension_2.jpg,__nilou_and_barbara_genshin_impact_drawn_by_rea_loixacra__b925988831702583a872e37d0a97b68c.png,https://danbooru.donmai.us/posts/6603843,,,,,,,,,
Character Creation\Ascension_3.jpg,__amber_genshin_impact_drawn_by_osanai_shiina__116bd8bb48986d50d4e3cf14ebe93601.jpg,https://danbooru.donmai.us/posts/4233259,,,,,,,,,
Character Creation\Ascension_4.jpg,__ganyu_genshin_impact_drawn_by_yosola_pl__b98e0a746c2302d3938c12e2862e5eb1.jpg,https://danbooru.donmai.us/posts/6098469,,,,,,,,,
Character Creation\Ascension_5.jpg,__nilou_genshin_impact_drawn_by_w_q_y__064c1f7eaf9f2562d4e1f71c6066e3cd.jpg,https://danbooru.donmai.us/posts/5736811,,,,,,,,,
Character Creation\Ascension_6Female.jpg,__kamisato_ayaka_hilichurl_and_kamisato_ayaka_genshin_impact_drawn_by_haku89__a75356f6bbc8c61ba7d364b750b3a31f.jpg,https://danbooru.donmai.us/posts/6097582,,,,,,,,,
Character Creation\Ascension_6Male.jpg,__mirror_maiden_genshin_impact_drawn_by_shinenyuu__4fccefb150e599112236b8e4f684289e.jpg,https://danbooru.donmai.us/posts/6711440,,,,,,,,,
Character Creation\Ass_Average.jpg,__keqing_genshin_impact_drawn_by_jumonji__6a6a4aa4945b4091d5fc826e70db7637.jpg,https://danbooru.donmai.us/posts/6776080,,,,,,,,,
Character Creation\Ass_Flat.jpg,__lumine_genshin_impact_drawn_by_cozyu__9f619bec0492afce8b84be21b9f047ba.jpg,https://danbooru.donmai.us/posts/5246727,,,,,,,,,
Character Creation\Ass_Huge.jpg,__eula_genshin_impact_drawn_by_houraku__e73eea2508ae9f5132372ce8139e284f.jpg,https://danbooru.donmai.us/posts/4725630,,,,,,,,,
Character Creation\Ass_Large.jpg,__yoimiya_genshin_impact_drawn_by_abpart__a9ce32aed4b2c462cc63ef9dc505e89e.jpg,https://danbooru.donmai.us/posts/6897311,,,,,,,,,
Character Creation\Ass_Small.jpg,__kamisato_ayaka_genshin_impact_drawn_by_lunacle__4c83886813cd3e33e453c7f9d500c382.jpg,https://danbooru.donmai.us/posts/6841676,,,,,,,,,
Character Creation\Breasts_Average.jpg,__keqing_genshin_impact_drawn_by_ponnyu12__c886095942bf25ed15ea3578d624d64b.jpg,https://danbooru.donmai.us/posts/6204207,,,,,,,,,
Character Creation\Breasts_Flat.jpg,__hu_tao_genshin_impact_drawn_by_akusema__63009ea57b6b4b95136269d0e442babd.png,https://danbooru.donmai.us/posts/5607973,,,,,,,,,
Character Creation\Breasts_Huge.jpg,__raiden_shogun_genshin_impact_drawn_by_aztodio__db077fb1a7c58929663434f37fb7eaf2.jpg,https://danbooru.donmai.us/posts/6183366,,,,,,,,,
Character Creation\Breasts_Large.jpg,__ganyu_genshin_impact_drawn_by_meisansan__cb26225c9797ffa2cdf0d362db4dcd1b.jpg,https://danbooru.donmai.us/posts/6219045,,,,,,,,,
Character Creation\Breasts_Small.jpg,__sangonomiya_kokomi_genshin_impact_drawn_by_morisobo__843be6ae5b9a03a19a8a5442cf5743c7.jpg,https://danbooru.donmai.us/posts/5213370,,,,,,,,,
Character Creation\Element_Anemo.svg,N/A,https://genshin-impact.fandom.com/wiki/Anemo?file=Element_Anemo.svg,,,,,,,,,
Character Creation\Element_Cryo.svg,N/A,https://genshin-impact.fandom.com/wiki/Cryo?file=Element_Cryo.svg,,,,,,,,,
Character Creation\Element_Dendro.svg,N/A,https://genshin-impact.fandom.com/wiki/Dendro?file=Element_Dendro.svg,,,,,,,,,
Character Creation\Element_Electro.svg,N/A,https://genshin-impact.fandom.com/wiki/Electro?file=Element_Electro.svg,,,,,,,,,
Character Creation\Element_Geo.svg,N/A,https://genshin-impact.fandom.com/wiki/Geo?file=Element_Geo.svg,,,,,,,,,
Character Creation\Element_Hydro.svg,N/A,https://genshin-impact.fandom.com/wiki/Hydro?file=Element_Hydro.svg,,,,,,,,,
Character Creation\Element_Pyro.svg,N/A,https://genshin-impact.fandom.com/wiki/Pyro?file=Element_Pyro.svg,,,,,,,,,
Character Creation\EyeColour_Black.jpg,__mona_genshin_impact_drawn_by_vergil_mon__a343078ebd94d7e5901041034c83187e.jpg,https://danbooru.donmai.us/posts/5329921,,,,,,,,,
Character Creation\EyeColour_Blue.jpg,__furina_genshin_impact_drawn_by_sikaku__c0ef830783670fe0e5ef952a7b236534.jpg,https://danbooru.donmai.us/posts/6869569,,,,,,,,,
Character Creation\EyeColour_Brown.jpg,__amber_and_baron_bunny_genshin_impact_drawn_by_shirase_shirose__f974a18bed53a3cf484adb556edee07a.jpg,https://danbooru.donmai.us/posts/6817281,,,,,,,,,
Character Creation\EyeColour_Green.jpg,__nahida_genshin_impact_drawn_by_se2ra__08eb4c573add047bd626df71ba7d68df.png,https://danbooru.donmai.us/posts/5567549,,,,,,,,,
Character Creation\EyeColour_Pink.jpg,__keqing_genshin_impact_drawn_by_ringozaka_mariko__e45d073f42b355ad55eefc7c198650d0.png,https://danbooru.donmai.us/posts/6558132,,,,,,,,,
Character Creation\EyeColour_Purple.jpg,__raiden_shogun_genshin_impact_drawn_by_tatyaoekaki__a59bbbc3af74c19d5645eec859fed7bc.jpg,https://danbooru.donmai.us/posts/5875826,,,,,,,,,
Character Creation\EyeColour_Red.jpg,__kaveh_genshin_impact_drawn_by_wanu71__fbfd31916bd003cac734cc3b5f3ee4db.jpg,https://danbooru.donmai.us/posts/6836875,,,,,,,,,
Character Creation\EyeColour_Silver.jpg,__kamisato_ayaka_genshin_impact_drawn_by_unishaho__f736fdcdf9d9601ec2ff3983aa588413.jpg,https://danbooru.donmai.us/posts/6317307,,,,,,,,,
Character Creation\EyeColour_Yellow.jpg,__lumine_genshin_impact_drawn_by_pottsness__01e0c0f0ebd4924bee00145482c85843.jpg,https://danbooru.donmai.us/posts/6881980,,,,,,,,,
Character Creation\Fontaine_Emblem.png,N/A,https://genshin-impact.fandom.com/wiki/Fontaine?file=Fontaine+Emblem+Night.png,,,,,,,,,
Character Creation\Gender_Androgynous.jpg,__freminet_genshin_impact_drawn_by_whitecookie1001__a2bb64f6ba44a11030b01757f6396aeb.jpg,https://danbooru.donmai.us/posts/6670768,,,,,,,,,
Character Creation\Gender_Female.jpg,__lumine_and_navia_genshin_impact_drawn_by_kokonex__6a373c49fd1112cd3c23e87c7f13cac0.jpg,https://danbooru.donmai.us/posts/6818902,,,,,,,,,
Character Creation\Gender_Male.jpg,__aether_genshin_impact_drawn_by_kazeakisora__0be950e69fca449d72048714c478cce4.jpg,https://danbooru.donmai.us/posts/6816215,,,,,,,,,
Character Creation\Genitals_Futanari.jpg,__sucrose_genshin_impact_drawn_by_ricegnat__54a0cab3db4bfbcd3185f1453f7c7b1a.jpg,https://danbooru.donmai.us/posts/4237754,,,,,,,,,
Character Creation\Genitals_None.jpg,__rimuru_tempest_tensei_shitara_slime_datta_ken_drawn_by_sakusan_yousoeki__1e8dab7fc9d38f7eb2c3cbc505b2855b.png,https://danbooru.donmai.us/posts/4124540,,,,,,,,,
Character Creation\Genitals_Penis.jpg,__yoimiya_genshin_impact_drawn_by_gweda__4a5af2e99996e59474d7413950dcec6b.png,https://danbooru.donmai.us/posts/6099818,,,,,,,,,
Character Creation\Genitals_Vagina.jpg,__raiden_shogun_genshin_impact_drawn_by_omone_hokoma_agm__f127fb8248a45d55ab41fc68a004bae4.jpg,https://danbooru.donmai.us/posts/6504711,,,,,,,,,
Character Creation\HairColour_Black.jpg,__venti_genshin_impact_drawn_by_tofuubuns__0eca234cd9a76f1f4f7c25c5ae0b045e.jpg,https://danbooru.donmai.us/posts/6897551,,,,,,,,,
Character Creation\HairColour_Blonde.jpg,__navia_genshin_impact_drawn_by_heart_z603458jj6__56f47a9cec2b6f829290a51b3b72f4b0.jpg,https://danbooru.donmai.us/posts/6865387,,,,,,,,,
Character Creation\HairColour_Blue.jpg,__ganyu_genshin_impact_drawn_by_adelie_cat__d4dbccfe9e7d86b9bd60cc5ff897940e.jpg,https://danbooru.donmai.us/posts/6675047,,,,,,,,,
Character Creation\HairColour_Brown.jpg,__hu_tao_genshin_impact_drawn_by_chikenryice__eb526df08ce3d4f732ce8d3f40a18c93.jpg,https://danbooru.donmai.us/posts/6888614,,,,,,,,,
Character Creation\HairColour_Green.jpg,__collei_genshin_impact_drawn_by_lana_akhrne__d0b06562ca60fd8f56008d59362c0bd4.jpg,https://danbooru.donmai.us/posts/6176111,,,,,,,,,
Character Creation\HairColour_Pink.jpg,__yae_miko_genshin_impact_drawn_by_ura_illust__04adab8b153b372748a972b7cf38406f.jpg,https://danbooru.donmai.us/posts/6893706,,,,,,,,,
Character Creation\HairColour_Purple.jpg,__raiden_shogun_genshin_impact_drawn_by_ao_tokita__66d10b2b5d499a4bb00d8efb9c8e5ac2.jpg,https://danbooru.donmai.us/posts/6889998,,,,,,,,,
Character Creation\HairColour_Red.jpg,__nilou_genshin_impact_drawn_by_nanmo_nanmokamo__08bd02aa5f29332570d9f6bf41998d5b.jpg,https://danbooru.donmai.us/posts/5991459,,,,,,,,,
Character Creation\HairColour_White.jpg,__hatsune_miku_furina_cinnamoroll_and_cinnamiku_genshin_impact_and_2_more_drawn_by_hisui_xztw__eb0fcdad10e134e6945f945b904e3ef8.jpg,https://danbooru.donmai.us/posts/6896024,,,,,,,,,
Character Creation\HairLength_Chin.jpg,__furina_genshin_impact_drawn_by_mokankan__d19702e485c858cf4abb263867b26efe.jpg,https://danbooru.donmai.us/posts/6903409,,,,,,,,,
Character Creation\HairLength_Hip.jpg,__raiden_shogun_genshin_impact_drawn_by_raiya_atelier__b8c0af49529d5991994665cf491c8059.jpg,https://danbooru.donmai.us/posts/5365176,,,,,,,,,
Character Creation\HairLength_Short.jpg,__wriothesley_genshin_impact_drawn_by_raineemeow__c8224e57035b1650df3fb3b33023a93f.jpg,https://danbooru.donmai.us/posts/6878027,,,,,,,,,
Character Creation\HairLength_Shoulder.jpg,__xinyan_genshin_impact_drawn_by_namelessrvon__72030d1d2f036d2f3db54ee82b9169f7.jpg,https://danbooru.donmai.us/posts/6134724,,,,,,,,,
Character Creation\HairLength_Waist.jpg,__hu_tao_and_boo_tao_genshin_impact_drawn_by_milktea_wegan__ebcfdb0f32871a5d186c450e4c954dd2.jpg,https://danbooru.donmai.us/posts/5372357,,,,,,,,,
Character Creation\Height_Average.jpg,__yoimiya_genshin_impact_drawn_by_yuujin_yuzinn333__57186f3890fc9d468f168b089dadfcba.jpg,https://danbooru.donmai.us/posts/6765699,,,,,,,,,
Character Creation\Height_Short.jpg,__hu_tao_genshin_impact_drawn_by_yeolyeo__82c8800fa6bde4dcaa028a40b6ce3a05.jpg,https://danbooru.donmai.us/posts/4769413,,,,,,,,,
Character Creation\Height_Tall.jpg,__yelan_genshin_impact_drawn_by_utsuhostoria__bce08eeee70f2c1166929f34b12a3760.png,https://danbooru.donmai.us/posts/6016324,,,,,,,,,
Character Creation\Inazuma_Emblem.png,N/A,https://genshin-impact.fandom.com/wiki/Inazuma?file=Inazuma+Emblem+Night.png,,,,,,,,,
Character Creation\Kinks\Anal.jpg,__hu_tao_genshin_impact_drawn_by_topu__86476d10be6378425eb5583bc2635da5.jpg,https://danbooru.donmai.us/posts/6522486,,,,,,,,,
Character Creation\Kinks\Bondage.png,__keqing_genshin_impact_drawn_by_mumumu_hoshibito__53b462f227a1995271bea272ab421c72.png,https://danbooru.donmai.us/posts/6608832,,,,,,,,,
Character Creation\Kinks\Casual Underwear.jpg,__lumine_genshin_impact_drawn_by_pottsness__604273bdce879e670ede3e29e58d97ba.jpg,https://danbooru.donmai.us/posts/6719158,,,,,,,,,
Character Creation\Kinks\Creampies.jpg,__lumine_genshin_impact_drawn_by_cla_finesoda__9ee805e1fe8f89594c99ed89672e9fc2.jpg,https://danbooru.donmai.us/posts/6411658,,,,,,,,,
Character Creation\Kinks\Cum on Body.jpg,__sangonomiya_kokomi_genshin_impact_drawn_by_hototogisu_7kanu_7ra__478641feaa22228662f16ca3d997e846.jpg,https://danbooru.donmai.us/posts/4876319,,,,,,,,,
Character Creation\Kinks\Electrocution.png,__raiden_shogun_genshin_impact_drawn_by_pupy_exe__ec3ac24defe941726878fc7b5e5d464f.png,https://danbooru.donmai.us/posts/6467785,,,,,,,,,
Character Creation\Kinks\Femdom.jpg,__mona_scaramouche_and_mona_genshin_impact_drawn_by_memeh__e0371763865b24a75c6b9cdf3d6d0e60.jpg,https://danbooru.donmai.us/posts/6029970,,,,,,,,,
Character Creation\Kinks\Flashing.jpg,__kujou_sara_genshin_impact_drawn_by_hominamia__1b8039a1a80844566a4e7d1c97e275ee.jpg,https://danbooru.donmai.us/posts/5904289,,,,,,,,,
Character Creation\Kinks\Groping.jpg,__lumine_genshin_impact_drawn_by_pottsness__629e6db738da66bdcb32e5001b1f20dc.jpg,https://danbooru.donmai.us/posts/6768636,,,,,,,,,
Character Creation\Kinks\GroupSex.jpg,__kirara_and_chiori_genshin_impact_drawn_by_rea_loixacra__56395801a550fb688a1aca8f8833bc38.jpg,https://danbooru.donmai.us/posts/7257081,,,,,,,,,
Character Creation\Kinks\Headpats.png,__lumine_and_sangonomiya_kokomi_genshin_impact_drawn_by_mizuki_ryuu__414f96f0600c594c39523f68cc1257d3.png,https://danbooru.donmai.us/posts/5705048,,,,,,,,,
Character Creation\Kinks\Intoxication.jpg,__venti_genshin_impact_drawn_by_5mi_gi__47411314b147540797fd23fbb6df93c0.jpg,https://danbooru.donmai.us/posts/5444405,,,,,,,,,
Character Creation\Kinks\Lactation.jpg,__raiden_shogun_genshin_impact_drawn_by_terumi_rumi__99d47550638c6d49d37ce756ad2cc57f.jpg,https://danbooru.donmai.us/posts/6480184,,,,,,,,,
Character Creation\Kinks\NipplePlay.jpg,__nilou_genshin_impact_drawn_by_nanmo_nanmokamo__08bd02aa5f29332570d9f6bf41998d5b.jpg,https://danbooru.donmai.us/posts/5991459,,,,,,,,,
Character Creation\Kinks\Oral.jpg,__furina_genshin_impact_drawn_by_shaggy_susu__08351fdfb84434a05c3153078477554f.jpg,https://danbooru.donmai.us/posts/6650809,,,,,,,,,
Character Creation\Kinks\Praise.jpg,__aether_and_furina_genshin_impact_drawn_by_midori_user_nsaz3272__2168430b7098581e480e638aed70e0b2.jpg,https://danbooru.donmai.us/posts/6668954,,,,,,,,,
Character Creation\Kinks\Revealing Clothing.png,__yoimiya_genshin_impact_drawn_by_feint721__4f99ef07a0556ac126eda0a1e058afb3.png,https://danbooru.donmai.us/posts/5941208,,,,,,,,,
Character Creation\Kinks\RoughSex.jpg,__lumine_and_tartaglia_genshin_impact_drawn_by_kbs_gk__316b16e0d5a4293bb607cf3e27707f2b.jpg,https://danbooru.donmai.us/posts/4626557,,,,,,,,,
Character Creation\Kinks\SexToys.jpg,__gorou_genshin_impact_drawn_by_frogzone_art__2ae45b6afada00fd7eb412e3844a6b8f.jpg,https://danbooru.donmai.us/posts/5035288,,,,,,,,,
Character Creation\Kinks\Smothering.jpg,__aether_lisa_and_lisa_genshin_impact_drawn_by_akazuan_19__aaeb4c27c2920911c92051c96e71a912.jpg,https://danbooru.donmai.us/posts/6043711,,,,,,,,,
Character Creation\Kinks\Spanking.jpg,__aether_paimon_and_lynette_genshin_impact_drawn_by_s_goon__1304caafdf683787cddf18d747ec2743.jpg,https://danbooru.donmai.us/posts/6735749,,,,,,,,,
Character Creation\Kinks\Vanilla.jpg,__aether_and_keqing_genshin_impact_drawn_by_nyantcha__658764afaf2278810a257bb4af9af1f2.jpg,https://danbooru.donmai.us/posts/5771999,,,,,,,,,
Character Creation\Kinks\Worship.jpg,__lumine_and_barbara_genshin_impact_drawn_by_icecake__69963dc60d0808d243bf3de39f79d47d.jpg,https://danbooru.donmai.us/posts/4970986,,,,,,,,,
Character Creation\Liyue_Emblem.png,N/A,https://genshin-impact.fandom.com/wiki/Liyue?file=Liyue+Emblem+Night.png,,,,,,,,,
Character Creation\Lumine.jpg,__lumine_and_aether_genshin_impact_drawn_by_pottsness__ce9df192b5647aaf3f8d0a8e9860e7c5.jpg,https://danbooru.donmai.us/posts/4766644,,,,,,,,,
Character Creation\Mondstadt_Emblem.png,N/A,https://genshin-impact.fandom.com/wiki/Mondstadt?file=Mondstadt+Emblem+Night.png,,,,,,,,,
Character Creation\Natlan_Emblem.png,N/A,https://genshin-impact.fandom.com/wiki/The_Eremites?file=The_Eremites_Banner.png,,,,,,,,,
Character Creation\OC.png,OC.png,Self-Generation/Creation,,,,,,,,,
Character Creation\Orientation_Dominant.jpg,__lisa_genshin_impact_drawn_by_fuooooo__53f8d41f1f15c1af1c4e02bdb9c26833.jpg,https://danbooru.donmai.us/posts/6051969,,,,,,,,,
Character Creation\Orientation_Submissive.jpg,__kirara_genshin_impact_drawn_by_ayomo_ro__5bad76ad3aab0e68783796f2dca724d5.png,https://danbooru.donmai.us/posts/7137298,,,,,,,,,
Character Creation\Orientation_Switch.jpg,__jean_genshin_impact_drawn_by_greem_bang__28b777e78980e426d88f6f175dd7b44a.jpg,https://danbooru.donmai.us/posts/4804915,,,,,,,,,
Character Creation\Role_FocusedSupport.jpg,__raiden_shogun_and_kujou_sara_genshin_impact_drawn_by_cqc_no_hashi_neko__207f1c0fa6d07cbb3237208925016689.png,https://danbooru.donmai.us/posts/5935383,,,,,,,,,
Character Creation\Role_SelfishMain.jpg,__kamisato_ayaka_genshin_impact_drawn_by_meltyrice__c29be624d63d07b678d0a6024817149d.png,https://danbooru.donmai.us/posts/5432627,,,,,,,,,
Character Creation\Role_SupportiveMain.jpg,__lumine_paimon_and_nilou_genshin_impact_drawn_by_iwashi_111__fb727b44e4720fe82eab5e5675bd0a36.jpg,https://danbooru.donmai.us/posts/6748956,,,,,,,,,
Character Creation\Role_TeamSupport.jpg,__lumine_paimon_furina_surintendante_chevalmarin_gentilhomme_usher_and_1_more_genshin_impact_drawn_by_imasaki_kei__90fceb2c760d214aa79c504b638ee7e1.jpg,https://danbooru.donmai.us/posts/7140407,,,,,,,,,
Character Creation\Seal_Hypersensitivity.png,84jdcebwe4k.jpg,https://www.pixiv.net/en/artworks/85123481,,,,,,,,,
Character Creation\Seal_Longevity.png,84jdcebwe4k.jpg,https://www.pixiv.net/en/artworks/85123481,,,,,,,,,
Character Creation\Seal_Fertility.png,l7lxc56gr7o.jpg,https://www.pixiv.net/en/artworks/85075263,,,,,,,,,
Character Creation\Seal_Stamina.png,l7lxc56gr7o.jpg,https://www.pixiv.net/en/artworks/85075263,,,,,,,,,
Character Creation\Seal_Sterility.png,l7lxc56gr7o.jpg,https://www.pixiv.net/en/artworks/85075263,,,,,,,,,
Character Creation\Skill_Anal1.jpg,__jean_genshin_impact_drawn_by_unfairr__95bab5056df075bc4322b9006ba09c38.jpg,https://danbooru.donmai.us/posts/6180960,,,,,,,,,
Character Creation\Skill_Anal2.jpg,__hu_tao_genshin_impact_drawn_by_topu__55ebcb4d374d1ac187b1f6e2eed443b1.jpg,https://danbooru.donmai.us/posts/6522491,,,,,,,,,
Character Creation\Skill_Anal3.jpg,__ganyu_genshin_impact_drawn_by_chanifge__4685f18f8ce4f288399c9161bfd1a1ab.jpg,https://danbooru.donmai.us/posts/6762653,,,,,,,,,
Character Creation\Skill_Genital1.jpg,__kamisato_ayaka_genshin_impact_drawn_by_gusha_s__c4083a7f37d012ea14bc0bab966ea2df.jpg,https://danbooru.donmai.us/posts/7044252,,,,,,,,,
Character Creation\Skill_Genital2.jpg,__furina_genshin_impact_drawn_by_gusha_s__d7855ed83f01bc1b72057e13045acaf8.jpg,https://danbooru.donmai.us/posts/7169041,,,,,,,,,
Character Creation\Skill_Genital3.jpg,__lynette_genshin_impact_drawn_by_nemui_kamo__b9c5577ca495a2879181075d2422d0ef.jpg,https://danbooru.donmai.us/posts/6727892,,,,,,,,,
Character Creation\Skill_Oral1.jpg,__kamisato_ayaka_genshin_impact_drawn_by_chernyyvo__51506b8e25ca6ed91ed3917fce52f2a7.jpg,https://danbooru.donmai.us/posts/7134941,,,,,,,,,
Character Creation\Skill_Oral2.jpg,__raiden_shogun_and_yae_miko_genshin_impact_drawn_by_kinorin69__352c1873a033497d0ee8a75525daa498.jpg,https://danbooru.donmai.us/posts/6201325,,,,,,,,,
Character Creation\Skill_Oral3.jpg,__aether_and_kamisato_ayaka_genshin_impact_drawn_by_gachou__59d09964efdd07423427827bab872563.jpg,https://danbooru.donmai.us/posts/6888080,,,,,,,,,
Character Creation\Skill_Other1.jpg,__ganyu_genshin_impact_drawn_by_kosaki_wit__3e32ecd6361d170a3b2c3db0b798e5b2.png,https://danbooru.donmai.us/posts/5973769,,,,,,,,,
Character Creation\Skill_Other2.jpg,__jean_genshin_impact_drawn_by_kosaki_wit__d93e2a0e88dbc7c2e3d452a2cb242817.png,https://danbooru.donmai.us/posts/4614662,,,,,,,,,
Character Creation\Skill_Other3.jpg,__sangonomiya_kokomi_genshin_impact_drawn_by_kou_futoshi__c8fcff73886acda45c44cb01f44baba4.jpg,https://danbooru.donmai.us/posts/5723829,,,,,,,,,
Character Creation\SkinColour_Brown.jpg,__dehya_genshin_impact_drawn_by_arepko__a8b909aead9371108bc2ee91d3548830.png,https://danbooru.donmai.us/posts/5750905,,,,,,,,,
Character Creation\SkinColour_Dark.jpg,__candace_genshin_impact_drawn_by_bunnyoki__a23244fde78066bd297a35d8727976cc.jpg,https://danbooru.donmai.us/posts/6499750,,,,,,,,,
Character Creation\SkinColour_Pale.jpg,__kamisato_ayaka_genshin_impact_drawn_by_houkisei__f9aece174d20b247edea7aadc6d6b389.jpg,https://danbooru.donmai.us/posts/5706454,,,,,,,,,
Character Creation\SkinColour_Tanned.jpg,__mona_genshin_impact_drawn_by_sayanestia__f7fcf81f109b899f8c6b1e99b526e706.jpg,https://danbooru.donmai.us/posts/6153203,,,,,,,,,
Character Creation\Snezhnaya_Emblem.png,N/A,https://genshin-impact.fandom.com/wiki/Fatui?file=Fatui_Banner.png,,,,,,,,,
Character Creation\Sumeru_Emblem.png,N/A,https://genshin-impact.fandom.com/wiki/Sumeru?file=Sumeru+Emblem+Night.png,,,,,,,,,
Character Creation\Unaffiliated_Emblem.png,N/A,https://genshin-impact.fandom.com/wiki/Adventurers%27_Guild?file=Icon_Adventurers%27_Guild.png,,,,,,,,,
Character Creation\Weapon_Bow.jpg,__yelan_genshin_impact_drawn_by_manyuchapaofan93687__553c90d69aaebf911adb386ecc6107c6.png,https://danbooru.donmai.us/posts/6720222,,,,,,,,,
Character Creation\Weapon_Catalyst.jpg,__scaramouche_and_wanderer_genshin_impact_drawn_by_naruka_ynarukay__a34f97059e842c758d00e1a156e781a4.png,https://danbooru.donmai.us/posts/5791077,,,,,,,,,
Character Creation\Weapon_Claymore.jpg,__eula_genshin_impact_drawn_by_oyuwari__61c5703053e109eaf22c87e597c169e2.png,https://danbooru.donmai.us/posts/5304901,,,,,,,,,
Character Creation\Weapon_Polearm.jpg,__hu_tao_genshin_impact_drawn_by_scottie_phantom2__53238efb68719c96d103c11e04f08425.jpg,https://danbooru.donmai.us/posts/6008070,,,,,,,,,
Character Creation\Weapon_Sword.jpg,__keqing_genshin_impact_drawn_by_nium_404__477798ac2de86ee59732bf92bd37df7b.jpg,https://danbooru.donmai.us/posts/5929174,,,,,,,,,
Character Icons\Androgynous.png,AndrogynousSplash.png,Self-Generation/Creation,,,,,,,,,
Character Icons\Barbara.png,__barbara_genshin_impact_drawn_by_nalukikiki__1233aecd36ae24590741cafeb13211de.jpg,https://danbooru.donmai.us/posts/3999274,,,,,,,,,
Character Icons\Beidou.png,__beidou_genshin_impact_drawn_by_eternity_shadeh__ac974329bd6ea8f1319f15e87e2f1f21.jpg,https://danbooru.donmai.us/posts/4774422,,,,,,,,,
Character Icons\Candace.png,__candace_genshin_impact_drawn_by_lalazyt__ab4a92423f039f5e727d007786ad3461.jpg,https://danbooru.donmai.us/posts/5660585,,,,,,,,,
Character Icons\Collei.png,__collei_genshin_impact_drawn_by_lunacle__b8b2e2a1f696694b0700a75273ff3c9f.jpg,https://danbooru.donmai.us/posts/5627101,,,,,,,,,
Character Icons\Dehya.png,__dehya_genshin_impact_drawn_by_arepko__a8b909aead9371108bc2ee91d3548830.png,https://danbooru.donmai.us/posts/5750905,,,,,,,,,
Character Icons\Ei.png,__raiden_shogun_genshin_impact_drawn_by_hokori_sakuni__9929d1dc1b298c77ed2974001bb0949d.jpg,https://danbooru.donmai.us/posts/4740963,,,,,,,,,
Character Icons\Female.png,deku296-9aec369f-4f0c-499d-ad10-4d66ffa2c9e2.png,https://www.deviantart.com/akaseven/art/Genshin-Impact-Mobile-Wallpaper-Lumine-881521386,,,,,,,,,
Character Icons\Ganyu.png,__ganyu_genshin_impact_drawn_by_chen_ying_alan_yut__c80e8d5e3a78adbc76c59d16fa1f81bf.jpg,https://danbooru.donmai.us/posts/6323594,,,,,,,,,
Character Icons\Jean.png,__jean_genshin_impact_drawn_by_emyo__f3e9dca430c5e0ef33bf34ed8123a785.jpg,https://danbooru.donmai.us/posts/4210354,,,,,,,,,
Character Icons\Keqing.png,__keqing_genshin_impact_drawn_by_723_nanahumi__3f3048e3c6fae92af371ca49b3b2c30c.jpg,https://danbooru.donmai.us/posts/6259285,,,,,,,,,
Character Icons\Kujou Sara.png,__kujou_sara_genshin_impact_drawn_by_chun_nam__0fbe03a8be8f08dcaab5ad4b57770359.png,https://danbooru.donmai.us/posts/4868917,,,,,,,,,
Character Icons\Lisa.png,__lisa_genshin_impact_drawn_by_nekomierika__6c9ed7b87cbeedb0d3acb13f6949c36b.jpg,https://danbooru.donmai.us/posts/5454570,,,,,,,,,
Character Icons\Male.png,HD-wallpaper-genshin-impact-iphone-background-and.jpg,https://genshin.hoyoverse.com/en/news/detail/103792,,,,,,,,,
Character Icons\Nilou.png,__nilou_genshin_impact_drawn_by_teffish__ebe60d4355ba95b227eae1d87b2469f3.jpg,https://danbooru.donmai.us/posts/5647365,,,,,,,,,
Character Icons\Ningguang.png,__ningguang_and_ningguang_genshin_impact_drawn_by_lightria__4ab006b71d67ca3cfe7965e8bec36c9b.jpg,https://danbooru.donmai.us/posts/6018117,,,,,,,,,
Character Icons\Not Selected.png,N/A,Self-Generation/Creation,,,,,,,,,
Character Icons\Sangonomiya Kokomi.png,__sangonomiya_kokomi_genshin_impact_drawn_by_lightria__54145cbbb3e902bd92b26746bed86e53.jpg,https://danbooru.donmai.us/posts/6087353,,,,,,,,,
Character Icons\Yoimiya.png,__yoimiya_genshin_impact_drawn_by_takehana_note__ae703fb7e85eec590ebbe37bbaaf2b97.jpg,https://danbooru.donmai.us/posts/5909161,,,,,,,,,
Characters\Barbara\Creampies.jpg,__barbara_genshin_impact_drawn_by_topu__aa8169eba460134f97d7d5f7f36c089c.jpg,https://danbooru.donmai.us/posts/4896223,,,,,,,,,
Characters\Barbara\CumOffering1.jpg,__barbara_genshin_impact_drawn_by_cla_finesoda__b53348537a7e0130add7e70c53433141.jpg,https://danbooru.donmai.us/posts/5919298,,,,,,,,,
Characters\Barbara\CumOffering2.jpg,__barbara_genshin_impact_drawn_by_jc_shikikan__bd8617eb3ab718164a2e851ef6942f89.jpg,https://danbooru.donmai.us/posts/4577483,,,,,,,,,
Characters\Barbara\Deepthroating.png,__barbara_genshin_impact_drawn_by_cheonnop__663895eeaeeda14d5ff3aaf1f9513c71.png,https://danbooru.donmai.us/posts/4205978,,,,,,,,,
Characters\Barbara\Devotion.jpg,__barbara_genshin_impact_drawn_by_ayomo_ro__801cc418ee60afbf7ce0d4dfd958dc6a.jpg,https://danbooru.donmai.us/posts/6932101,,,,,,,,,
Characters\Barbara\Healing1.png,__barbara_genshin_impact_drawn_by_minted__905549e5ccf5b7f9adaf4d2db7d941ab.png,https://danbooru.donmai.us/posts/4147838,,,,,,,,,
Characters\Barbara\Healing2.png,__barbara_genshin_impact_drawn_by_simao_x_x36131422__2ec2d8a8c450bfc4ab6e078a77a75ec6.png,https://danbooru.donmai.us/posts/4188301,,,,,,,,,
Characters\Barbara\Inferiority.jpg,__barbara_and_jean_genshin_impact_drawn_by_2windrill__26aa403ec0cbd6a6f62635cf5ee09078.jpg,https://danbooru.donmai.us/posts/6193892,,,,,,,,,
Characters\Barbara\MadeForSex1.jpg,__barbara_genshin_impact_drawn_by_houkisei__5a943566e049fda73d62ed7637cfe340.jpg,https://danbooru.donmai.us/posts/5275521,,,,,,,,,
Characters\Barbara\MadeForSex2.jpg,__barbara_genshin_impact_drawn_by_houkisei__b57571883b0f4c971cc640830775dbe9.jpg,https://danbooru.donmai.us/posts/5552244,,,,,,,,,
Characters\Barbara\Nude.png,rt2j88n2.png,https://www.pixiv.net/en/artworks/114076429,,,,,,,,,
Characters\Barbara\Oral1.jpg,__barbara_genshin_impact_drawn_by_yahuillust__e00ad3504af7d3e37e9dce9540c72efb.jpg,https://danbooru.donmai.us/posts/5446510,,,,,,,,,
Characters\Barbara\Oral2.jpg,__barbara_genshin_impact_drawn_by_aumann__75f9142745d4541aff1eb2bc88267100.jpg,https://danbooru.donmai.us/posts/4560908,,,,,,,,,
Characters\Barbara\PartyPane.jpg,__barbara_genshin_impact_drawn_by_nalukikiki__1233aecd36ae24590741cafeb13211de.jpg,https://danbooru.donmai.us/posts/3999274,,,,,,,,,
Characters\Barbara\PeoplePleasing.jpg,__barbara_genshin_impact_drawn_by_sak_lemondisk__fe4dbfca7c6df455155f711b3db6314c.jpg,https://danbooru.donmai.us/posts/5406325,,,,,,,,,
Characters\Barbara\Profile.jpg,__barbara_genshin_impact_drawn_by_nalukikiki__1233aecd36ae24590741cafeb13211de.jpg,https://danbooru.donmai.us/posts/3999274,,,,,,,,,
Characters\Barbara\SexualExpertise.jpg,__barbara_genshin_impact_drawn_by_sumiyao_amam__b28d1ef175456fa3efa668a8da30b349.jpg,https://danbooru.donmai.us/posts/4474520,,,,,,,,,
Characters\Barbara\Splash.png,BarbaraSplash.png,Self-Generation/Creation,,,,,,,,,
Characters\Barbara\Worship.png,__barbara_genshin_impact_drawn_by_hara_xper8243__4a52e3503e3a1bd955d6b2ff89bdb578.png,https://danbooru.donmai.us/posts/4546779,,,,,,,,,
Characters\Beidou\Blamed.jpg,__beidou_genshin_impact_drawn_by_the_atko__a9a6502b1db46cb3806d3b78e43de291.jpg,https://danbooru.donmai.us/posts/6981472,,,,,,,,,
Characters\Beidou\BodyJewellery.png,__beidou_genshin_impact_drawn_by_kimoshi__18ff19b79ed5272950b54a89f05e3902.png,https://danbooru.donmai.us/posts/5382455,,,,,,,,,
Characters\Beidou\Drinking.jpg,__beidou_genshin_impact_drawn_by_hominamia__16e565560fcbafc354afe0e1dff62d77.jpg,https://danbooru.donmai.us/posts/4909727,,,,,,,,,
Characters\Beidou\Drugs.jpg,__beidou_genshin_impact_drawn_by_mavezar__a76f7cdb95cb4ece6f6c2785897e8c14.jpg,https://danbooru.donmai.us/posts/5964469,,,,,,,,,
Characters\Beidou\Groping.png,__beidou_genshin_impact_drawn_by_masaki_nanaya__9b4fb9d5f3ee54a6062e642ce43fddc8.png,https://danbooru.donmai.us/posts/4136137,,,,,,,,,
Characters\Beidou\HumanProperty.jpg,__shenhe_yelan_ningguang_and_beidou_genshin_impact_drawn_by_peawillax__db77e61ff0c7013d047cbeb0bfa4b593.jpg,https://danbooru.donmai.us/posts/6243453,,,,,,,,,
Characters\Beidou\Intoxication.jpg,__beidou_genshin_impact_drawn_by_ricardo_contreras__efa921c0aefd846ed953efddcf5c0a6e.jpg,https://danbooru.donmai.us/posts/4694712,,,,,,,,,
Characters\Beidou\Morale1.png,__beidou_genshin_impact_drawn_by_naokomama__b2dd0bb05e2fd1c9ba84d83ffc75d0e3.png,https://danbooru.donmai.us/posts/4233343,,,,,,,,,
Characters\Beidou\Morale2.jpg,__beidou_genshin_impact_drawn_by_pepper0__3b8a906d586466f17b86ca7ad1a928d8.jpg,https://danbooru.donmai.us/posts/4312008,,,,,,,,,
Characters\Beidou\Nude.png,112722371_p0.png,https://www.pixiv.net/en/artworks/112722371,,,,,,,,,
Characters\Beidou\Outgoing.png,__aether_and_beidou_genshin_impact_drawn_by_sciamano240__c60c3f72b81a138338e5fdecf4cca112.png,https://danbooru.donmai.us/posts/6246860,,,,,,,,,
Characters\Beidou\PartyPane.jpg,__beidou_genshin_impact_drawn_by_eternity_shadeh__ac974329bd6ea8f1319f15e87e2f1f21.jpg,https://danbooru.donmai.us/posts/4774422,,,,,,,,,
Characters\Beidou\Profile.jpg,__beidou_genshin_impact_drawn_by_eternity_shadeh__ac974329bd6ea8f1319f15e87e2f1f21.jpg,https://danbooru.donmai.us/posts/4774422,,,,,,,,,
Characters\Beidou\SexToys.jpg,__lumine_and_beidou_genshin_impact_drawn_by_misa_cosmic_artsu__845e41ba34ed0accde8d652e457dc310.jpg,https://danbooru.donmai.us/posts/5678630,,,,,,,,,
Characters\Beidou\Splash.png,BeidouSplash.png,Self-Generation/Creation,,,,,,,,,
Characters\Beidou\Treasure.png,__beidou_genshin_impact_drawn_by_hiroki_ree__ec73675e938d1789ec7afc1f4a39ebbd.png,https://danbooru.donmai.us/posts/4215009,,,,,,,,,
Characters\Candace\Cunnilingus.jpg,__dehya_and_candace_genshin_impact_drawn_by_aoiabyss__7e942d15c3ea2aa6e7ac95f0114a76b1.jpg,https://danbooru.donmai.us/posts/5809325,,,,,,,,,
Characters\Candace\Domination.jpg,__dehya_and_candace_genshin_impact_drawn_by_chen_zi__daaac336dbec3c3e329d19fb224f59df.jpg,https://danbooru.donmai.us/posts/5743864,,,,,,,,,
Characters\Candace\Femdom.jpg,__candace_genshin_impact_drawn_by_greem_bang__8474f442e9df9ac59186465e32c557ec.jpg,https://danbooru.donmai.us/posts/5627825,,,,,,,,,
Characters\Candace\LadyWeakness.jpg,__candace_genshin_impact_drawn_by_pantheon_eve__18911fab0dfffafa28e60071e794ce5f.jpg,https://danbooru.donmai.us/posts/5714651,,,,,,,,,
Characters\Candace\Nude.png,CandaceNude.png,Self-Generation/Creation,,,,,,,,,
Characters\Candace\Oral.png,115135122_p2.png,https://www.pixiv.net/en/artworks/115135122,,,,,,,,,
Characters\Candace\PartyPane.jpg,__candace_genshin_impact_drawn_by_lalazyt__ab4a92423f039f5e727d007786ad3461.jpg,https://danbooru.donmai.us/posts/5660585,,,,,,,,,
Characters\Candace\Pleasing.jpg,__candace_genshin_impact_drawn_by_radio_mei99__0cf685ccc0be1ff174d1c6d8cf25e6a9.jpg,https://danbooru.donmai.us/posts/7096122,,,,,,,,,
Characters\Candace\Preparation.jpg,__candace_genshin_impact_drawn_by_yabacha__1b0a9b4843205dee01d6b96969f8f698.jpg,https://danbooru.donmai.us/posts/5727333,,,,,,,,,
Characters\Candace\Profile.jpg,__candace_genshin_impact_drawn_by_lalazyt__ab4a92423f039f5e727d007786ad3461.jpg,https://danbooru.donmai.us/posts/5660585,,,,,,,,,
Characters\Candace\Public Sex.jpg,110341821_p0.jpg,https://www.pixiv.net/en/artworks/110341821,,,,,,,,,
Characters\Candace\Revealing Clothing.png,__candace_genshin_impact_drawn_by_anzu0130__985c682f5ce6acc7d3f07bb10f88359d.png,https://danbooru.donmai.us/posts/6028794,,,,,,,,,
Characters\Candace\RoleModel.jpg,__nilou_and_candace_genshin_impact_drawn_by_milkymoo__d7f52e906f0ef16006367f1393cc1ef4.jpg,https://danbooru.donmai.us/posts/5623122,,,,,,,,,
Characters\Candace\Splash.png,CandaceSplash.png,Self-Generation/Creation,,,,,,,,,
Characters\Collei\ColleiAmber1.jpg,__amber_and_collei_genshin_impact_drawn_by_amco__fb7d058c46ce0326625f7d2899b4a442.jpg,https://danbooru.donmai.us/posts/5655890,,,,,,,,,
Characters\Collei\ColleiAmber2.jpg,__amber_and_collei_genshin_impact_drawn_by_reowocchi__c9e87b70c2a07822d1730e600d90c018.jpg,https://danbooru.donmai.us/posts/5641925,,,,,,,,,
Characters\Collei\Doctor.png,56h7s65r.png,https://www.reddit.com/r/ColleiMains/comments/vzypk2/weekly_drawings_of_collei_until_she_gets_released/,,,,,,,,,
Characters\Collei\Fertilisation1.png,116153909_p1.png,https://www.pixiv.net/en/artworks/116153909,,,,,,,,,
Characters\Collei\Fertilisation2.png,113596628_p0.png,https://www.pixiv.net/en/artworks/113596628,,,,,,,,,
Characters\Collei\HealingSex.png,116091569_p0.png,https://www.pixiv.net/en/artworks/116091569,,,,,,,,,
Characters\Collei\Kissing.png,__amber_and_collei_genshin_impact_drawn_by_llllllllll__1df26df49353ebbca00a646950f32a43.png,https://danbooru.donmai.us/posts/6030691,,,,,,,,,
Characters\Collei\Nude.png,ColleiNude.png,Self-Generation/Creation,,,,,,,,,
Characters\Collei\PartyPane.jpg,__collei_genshin_impact_drawn_by_lunacle__b8b2e2a1f696694b0700a75273ff3c9f.jpg,https://danbooru.donmai.us/posts/5627101,,,,,,,,,
Characters\Collei\Praise.jpg,__kaveh_collei_and_faruzan_genshin_impact_drawn_by_ura_hamburg_oniku__10b04a913dab4d1698a5ad6abdd342a7.jpg,https://danbooru.donmai.us/posts/6643902,,,,,,,,,
Characters\Collei\PraiseSlut.png,112377878_p0.png,https://www.pixiv.net/en/artworks/112377878,,,,,,,,,
Characters\Collei\Profile.jpg,__collei_genshin_impact_drawn_by_lunacle__b8b2e2a1f696694b0700a75273ff3c9f.jpg,https://danbooru.donmai.us/posts/5627101,,,,,,,,,
Characters\Collei\Restraints.jpg,111207763_p1.jpg,https://www.pixiv.net/en/artworks/111207763,,,,,,,,,
Characters\Collei\RoughSex.png,112354210_p1.png,https://www.pixiv.net/en/artworks/112354210,,,,,,,,,
Characters\Collei\Splash.png,ColleiSplash.png,Self-Generation/Creation,,,,,,,,,
Characters\Collei\Vanilla.jpg,__collei_genshin_impact_drawn_by_vitashogun__b660bbbdbe2edbbd54d0203a82417b50.jpg,https://danbooru.donmai.us/posts/6247848,,,,,,,,,
Characters\Dehya\Defeat.jpg,__dehya_and_candace_genshin_impact_drawn_by_monobe_yuri__27990c076e11bf002b75d1ffd30e51da.jpg,https://danbooru.donmai.us/posts/5992244,,,,,,,,,
Characters\Dehya\Dominance.jpg,__dehya_genshin_impact_drawn_by_milssak__93f84d6200de762b2bfd575da6b67f24.jpg,https://danbooru.donmai.us/posts/6224937,,,,,,,,,
Characters\Dehya\DressingUp1.jpg,__dehya_genshin_impact_drawn_by_kittew__fdbea62c309bd453eaf2785e60584607.jpg,https://danbooru.donmai.us/posts/6167915,,,,,,,,,
Characters\Dehya\DressingUp2.jpg,__dehya_genshin_impact_drawn_by_feint721__8c4ba5bcdfdc828436e70b2d2edfb519.jpg,https://danbooru.donmai.us/posts/6075756,,,,,,,,,
Characters\Dehya\Femdom.png,__dehya_genshin_impact_drawn_by_ndgd__7c0052ff72e8eb0cac195d16634e4823.png,https://danbooru.donmai.us/posts/5751496,,,,,,,,,
Characters\Dehya\LionsBeauty1.jpg,__dehya_genshin_impact_drawn_by_so_zei_tama_tama__daa3724b136ec45593cd42c8208b801b.jpg,https://danbooru.donmai.us/posts/6093369,,,,,,,,,
Characters\Dehya\LionsBeauty2.jpg,__dehya_genshin_impact_drawn_by_taisyoo__93631703e2683e504e02a55c7651733f.jpg,https://danbooru.donmai.us/posts/6045780,,,,,,,,,
Characters\Dehya\LionsPride.jpg,__dehya_genshin_impact_and_1_more_drawn_by_saylamars__3453e097764cdebe26725d3b50de20ae.jpg,https://danbooru.donmai.us/posts/6687279,,,,,,,,,
Characters\Dehya\NaturalAffinity1.png,__dehya_genshin_impact_drawn_by_scallion15__0337dd0b5b0e200b180d2e63ce9994e3.png,https://danbooru.donmai.us/posts/6135981,,,,,,,,,
Characters\Dehya\NaturalAffinity2.png,__dehya_genshin_impact_drawn_by_ayomo_ro__6457c46dd17970176a9cc74d8dbcc84a.png,https://danbooru.donmai.us/posts/5673065,,,,,,,,,
Characters\Dehya\Nude.png,DehyaNude.png,Self-Generation/Creation,,,,,,,,,
Characters\Dehya\PartyPane.jpg,__dehya_genshin_impact_drawn_by_arepko__a8b909aead9371108bc2ee91d3548830.png,https://danbooru.donmai.us/posts/5750905,,,,,,,,,
Characters\Dehya\PeakFemaleForm.jpg,__dehya_hilichurl_and_mitachurl_genshin_impact_drawn_by_the_atko__f1a5408d32f0a51ec0600f563f02a7be.jpg,https://danbooru.donmai.us/posts/6162638,,,,,,,,,
Characters\Dehya\Pregnancy.jpg,__dehya_genshin_impact_drawn_by_hanpenmaru__17b73fcf08892234e03478a25004dcc1.jpg,https://danbooru.donmai.us/posts/6301855,,,,,,,,,
Characters\Dehya\Profile.jpg,__dehya_genshin_impact_drawn_by_arepko__a8b909aead9371108bc2ee91d3548830.png,https://danbooru.donmai.us/posts/5750905,,,,,,,,,
Characters\Dehya\RevealingClothing1.jpg,__dehya_genshin_impact_drawn_by_lessone__81a887a6ee86b819ca19b51bba6f61d1.jpg,https://danbooru.donmai.us/posts/6131427,,,,,,,,,
Characters\Dehya\RevealingClothing2.jpg,__dehya_genshin_impact_drawn_by_foxyreine__1c6c32d59f0f8261104a5a11bd0a64da.jpg,https://danbooru.donmai.us/posts/5635677,,,,,,,,,
Characters\Dehya\RoughSex1.jpg,__dehya_genshin_impact_drawn_by_topu__7a4523e28d7deda56a7fe525586f2938.jpg,https://danbooru.donmai.us/posts/6110480,,,,,,,,,
Characters\Dehya\RoughSex2.png,__dehya_genshin_impact_drawn_by_soso_chlgksk110__e0195da2d6371ce549cd124d99b5750a.png,https://danbooru.donmai.us/posts/6516502,,,,,,,,,
Characters\Dehya\SexToys.jpg,__nilou_and_dehya_genshin_impact_drawn_by_blue_senpai__8fa83a2a19256018ba9275adf47b0f6a.jpg,https://danbooru.donmai.us/posts/6004045,,,,,,,,,
Characters\Dehya\Splash.png,DehyaSplash.png,Self-Generation/Creation,,,,,,,,,
Characters\Ei\BrainOverload.jpg,__raiden_shogun_genshin_impact_drawn_by_lusfseeds__15946a6bd4cfffcdf185fa1f2fb807ed.jpg,https://danbooru.donmai.us/posts/6397272,,,,,,,,,
Characters\Ei\Electrocution.png,__raiden_shogun_genshin_impact_drawn_by_hinghoi__c20d25da2f00e9f4f7f6a13c44f04f06.png,https://danbooru.donmai.us/posts/6793421,,,,,,,,,
Characters\Ei\FeetWorship.jpg,__raiden_shogun_and_slime_genshin_impact_drawn_by_nekoda_maoda__756c402a9e2d057fe499ac9bfa993abc.jpg,https://danbooru.donmai.us/posts/5620483,,,,,,,,,
Characters\Ei\FirstTime.jpg,__raiden_shogun_and_yae_miko_genshin_impact_drawn_by_turewindwalker__ce0b0eacace6c94d6a499c98a250c97c.jpg,https://danbooru.donmai.us/posts/5258652,,,,,,,,,
Characters\Ei\ForThePeople1.png,__raiden_shogun_genshin_impact_drawn_by_alpha_type__d42307e310fa1b0a9b6daeb318d10b33.png,https://danbooru.donmai.us/posts/5291335,,,,,,,,,
Characters\Ei\ForThePeople2.jpg,__raiden_shogun_genshin_impact_drawn_by_docozi__4cd464d28caa1d40ca13cfcf70d4ca83.jpg,https://danbooru.donmai.us/posts/5378173,,,,,,,,,
Characters\Ei\Hilichurl.jpg,__raiden_shogun_hilichurl_and_mitachurl_genshin_impact_drawn_by_mikae_famu8783__c82a4f4551ab534b1148d3d9a3e358ee.jpg,https://danbooru.donmai.us/posts/6264744,,,,,,,,,
Characters\Ei\Lore2.jpg,101353624_p0.jpg,https://www.pixiv.net/en/artworks/101353624,,,,,,,,,
Characters\Ei\Lore3.png,lzc31dpq.png,https://genshin-impact.fandom.com/wiki/Birthday/Raiden_Shogun?file=Raiden_Shogun_Birthday_2022.png#Birthday_Artwork,,,,,,,,,
Characters\Ei\Nude.png,EiNude.png,Self-Generation/Creation,,,,,,,,,
Characters\Ei\Paizuri.png,__raiden_shogun_genshin_impact_drawn_by_onikokko__0941e57392a2bcd3fd42708359f467e7.png,https://danbooru.donmai.us/posts/4765912,,,,,,,,,
Characters\Ei\PartyPane.jpg,__raiden_shogun_genshin_impact_drawn_by_hokori_sakuni__9929d1dc1b298c77ed2974001bb0949d.jpg,https://danbooru.donmai.us/posts/4740963,,,,,,,,,
Characters\Ei\Profile.jpg,__raiden_shogun_genshin_impact_drawn_by_hokori_sakuni__9929d1dc1b298c77ed2974001bb0949d.jpg,https://danbooru.donmai.us/posts/4740963,,,,,,,,,
Characters\Ei\Smothering.jpg,__raiden_shogun_and_lumine_genshin_impact_drawn_by_shiben_ugvu5784__a75265a008c0c551e315530681aaefca.jpg,https://danbooru.donmai.us/posts/5192226,,,,,,,,,
Characters\Ei\Splash.png,EiSplash.png,Self-Generation/Creation,,,,,,,,,
Characters\Ei\Worship.jpg,__raiden_shogun_and_crystalfly_genshin_impact_drawn_by_bakemonsou__fbd90395c884124db3c526ea19f56a04.jpg,https://danbooru.donmai.us/posts/6711904,,,,,,,,,
Characters\Ganyu\BreastSucking.jpg,__ganyu_genshin_impact_drawn_by_bilibili_xiaolu__19f7b87abc34a1e8c410dba46b1fcf76.jpg,https://danbooru.donmai.us/posts/5334438,,,,,,,,,
Characters\Ganyu\Experience.jpg,__ganyu_genshin_impact_drawn_by_cla_finesoda__ccc6f3f10d9a73edd23a0bca46a09611.jpg,https://danbooru.donmai.us/posts/5713279,,,,,,,,,
Characters\Ganyu\Fitness1.jpg,__ganyu_genshin_impact_drawn_by_mikazuki_mika__b07548e04847601c22531f7fe949c869.jpg,https://danbooru.donmai.us/posts/6112528,,,,,,,,,
Characters\Ganyu\Fitness2.jpg,__ganyu_genshin_impact_drawn_by_hirai_yuzuki__fdfe2ff83607e21aa7cb933ad4b0ed6e.jpg,https://danbooru.donmai.us/posts/6008328,,,,,,,,,
Characters\Ganyu\GrabbingHorns.jpg,__ganyu_genshin_impact_drawn_by_osanai_shiina__77248c0a6f79a6eda56fbf1f0bd602b2.jpg,https://danbooru.donmai.us/posts/6351365,,,,,,,,,
Characters\Ganyu\Hilichurl1.png,__ganyu_and_hilichurl_genshin_impact_drawn_by_meng_xi_ds__276f40feb5debff9111bf8354fcdf8c4.png,https://danbooru.donmai.us/posts/4335876,,,,,,,,,
Characters\Ganyu\Hilichurl2.jpg,__ganyu_and_hilichurl_genshin_impact_drawn_by_docozi__d4c4fdd964d6fabd93b66c95abef532b.jpg,https://danbooru.donmai.us/posts/5797881,,,,,,,,,
Characters\Ganyu\Lactation.png,__ganyu_genshin_impact_drawn_by_waero__2c65ed3b0a9bb916f4774962e7a76893.png,https://danbooru.donmai.us/posts/5557716,,,,,,,,,
Characters\Ganyu\Lore2.jpg,__ganyu_genshin_impact_drawn_by_npp_artist__c351e3c7b5e0c06864bf13a10cd1e2d7.jpg,https://danbooru.donmai.us/posts/6798553,,,,,,,,,
Characters\Ganyu\Lore3.jpg,__ganyu_genshin_impact_drawn_by_gning503__7ce8f924666fc24346dad130bed3aa27.jpg,https://danbooru.donmai.us/posts/5336216,,,,,,,,,
Characters\Ganyu\NipplePiercing1.png,__ganyu_genshin_impact_drawn_by_pixxel__119d6fc5505301183e37a56acefd58e6.png,https://danbooru.donmai.us/posts/6170904,,,,,,,,,
Characters\Ganyu\NipplePiercing2.jpg,__ganyu_eula_and_rosaria_genshin_impact_drawn_by_pantheon_eve__ba300274325d257fb7536c10a0d80cc5.jpg,https://danbooru.donmai.us/posts/4614018,,,,,,,,,
Characters\Ganyu\NipplePlay.jpg,__ganyu_and_keqing_genshin_impact_drawn_by_creek_moon_sky__8af6788878734a1d6008bbe14e2af4a6.jpg,https://danbooru.donmai.us/posts/4683232,,,,,,,,,
Characters\Ganyu\Nude.png,GanyuNude.png,Self-Generation/Creation,,,,,,,,,
Characters\Ganyu\PartyPane.jpg,__ganyu_genshin_impact_drawn_by_chen_ying_alan_yut__c80e8d5e3a78adbc76c59d16fa1f81bf.jpg,https://danbooru.donmai.us/posts/6323594,,,,,,,,,
Characters\Ganyu\Profile.jpg,__ganyu_genshin_impact_drawn_by_chen_ying_alan_yut__c80e8d5e3a78adbc76c59d16fa1f81bf.jpg,https://danbooru.donmai.us/posts/6323594,,,,,,,,,
Characters\Ganyu\RoughSex.jpg,__ganyu_genshin_impact_drawn_by_nanmo_nanmokamo__1926822f9488b314a7a1b1deb56b1bbd.jpg,https://danbooru.donmai.us/posts/6390357,,,,,,,,,
Characters\Ganyu\SecretaryService1.jpg,__ganyu_genshin_impact_drawn_by_h2o_dfo__d8dc1b2ca853094db6732ad8ae35cbe9.jpg,https://danbooru.donmai.us/posts/6360415,,,,,,,,,
Characters\Ganyu\Splash.png,GanyuSplash.png,Self-Generation/Creation,,,,,,,,,
Characters\Jean\Creampies1.jpg,__jean_genshin_impact_drawn_by_greem_bang__08d1494c4f4f1fe00ed491ffd15070a3.jpg,https://danbooru.donmai.us/posts/7269411,,,,,,,,,
Characters\Jean\Creampies2.png,__jean_genshin_impact_drawn_by_gimnang__1f90fb7465047d9f7a9d853329d4c9c2.png,https://danbooru.donmai.us/posts/4133072,,,,,,,,,
Characters\Jean\Degradation.png,__jean_and_lisa_genshin_impact_drawn_by_keemuu__8f71e6b3045e919a5abd70eaf8a5e291.png,https://danbooru.donmai.us/posts/5151846,,,,,,,,,
Characters\Jean\ExcessivePressure.jpg,__jean_genshin_impact_drawn_by_sawasa__2d5cfff6f5bd38fbc171df9334859be2.jpg,https://danbooru.donmai.us/posts/5082583,,,,,,,,,
Characters\Jean\FreeUse.jpg,__jean_and_jean_genshin_impact_drawn_by_okpriko_and_vvv_vvv98048917__9835a6465f852d33c680ad9585fa5b3c.jpg,https://danbooru.donmai.us/posts/6671823,,,,,,,,,
Characters\Jean\Nude.png,116936334_p4.png,https://www.pixiv.net/en/artworks/116936334,,,,,,,,,
Characters\Jean\PartyPane.jpg,__jean_genshin_impact_drawn_by_emyo__f3e9dca430c5e0ef33bf34ed8123a785.jpg,https://danbooru.donmai.us/posts/4210354,,,,,,,,,
Characters\Jean\PerfectKnight.jpg,__jean_genshin_impact_drawn_by_kazezeze__50789e8e592eac7ca512d9fc717e97d0.jpg,https://danbooru.donmai.us/posts/6947630,,,,,,,,,
Characters\Jean\Praise.jpg,__jean_and_diluc_genshin_impact_drawn_by_nyantcha__3e8cc041cdbd7b48161cebc8fb16f266.jpg,https://danbooru.donmai.us/posts/6394780,,,,,,,,,
Characters\Jean\Profile.jpg,__jean_genshin_impact_drawn_by_emyo__f3e9dca430c5e0ef33bf34ed8123a785.jpg,https://danbooru.donmai.us/posts/4210354,,,,,,,,,
Characters\Jean\PublicServant.jpg,__jean_genshin_impact_drawn_by_animeflux__642748e715e84964fadf1bbe1c241b72.jpg,https://danbooru.donmai.us/posts/6787473,,,,,,,,,
Characters\Jean\RoleModel.jpg,__barbara_and_jean_genshin_impact_drawn_by_greem_bang__dca4389ff6de0507a1812ea7451cd9b9.jpg,https://danbooru.donmai.us/posts/4290462,,,,,,,,,
Characters\Jean\RoughSex1.jpg,__jean_genshin_impact_drawn_by_greem_bang__f74e6371d566a40c02cccdafcf9ff9ef.jpg,https://danbooru.donmai.us/posts/4209607,,,,,,,,,
Characters\Jean\RoughSex2.png,__jean_genshin_impact_drawn_by_ayomo_ro__de53aacb2de13e292d4a2506a07deb9a.png,https://danbooru.donmai.us/posts/6146710,,,,,,,,,
Characters\Jean\Splash.png,JeanSplash.png,Self-Generation/Creation,,,,,,,,,
Characters\Jean\Trained1.png,__jean_and_jean_genshin_impact_drawn_by_sirius_enjoliao__2d52197b68aa55f93d09c5e3d70290ef.png,https://danbooru.donmai.us/posts/5494856,,,,,,,,,
Characters\Jean\Trained2.jpg,__jean_genshin_impact_drawn_by_misaka_12003_gou__046b367a4b41b3a9c5b0306e150d87b2.jpg,https://danbooru.donmai.us/posts/5773439,,,,,,,,,
Characters\Jean\UnconditionalLove.png,__jean_genshin_impact_drawn_by_kosaki_wit__d93e2a0e88dbc7c2e3d452a2cb242817.png,https://danbooru.donmai.us/posts/4568983,,,,,,,,,
Characters\Keqing\Anal1.png,__keqing_genshin_impact_drawn_by_gweda__6274063b6cb75e0efd4469e5a041a150.png,https://danbooru.donmai.us/posts/4913311,,,,,,,,,
Characters\Keqing\Anal2.jpg,__keqing_genshin_impact_drawn_by_karou_circle_karouke__bacc043edaea4433a04a14ceef7b2f08.jpg,https://danbooru.donmai.us/posts/6254895,,,,,,,,,
Characters\Keqing\CasualSexuality1.png,__keqing_genshin_impact_drawn_by_merunyaa__479fa5df28ac7b2a53545b1c3f85bdca.png,https://danbooru.donmai.us/posts/5900286,,,,,,,,,
Characters\Keqing\CasualSexuality2.png,__keqing_genshin_impact_drawn_by_ayomo_ro__f601ecfae8de98849f10eead991b6273.png,https://danbooru.donmai.us/posts/5727458,,,,,,,,,
Characters\Keqing\Flashing1.jpg,__keqing_genshin_impact_drawn_by_putama__bf5b17488caf42e6e09e7ad0d43ce825.jpg,https://danbooru.donmai.us/posts/5411265,,,,,,,,,
Characters\Keqing\Flashing2.png,__keqing_genshin_impact_drawn_by_shengtian__787299da472acbdb5af5d136e981bf28.png,https://danbooru.donmai.us/posts/4141587,,,,,,,,,
Characters\Keqing\FreeUse1.jpg,__keqing_genshin_impact_drawn_by_laoan__f7c28225787d93849cb38561b556d92c.jpg,https://danbooru.donmai.us/posts/4225438,,,,,,,,,
Characters\Keqing\FreeUse2.jpg,__keqing_and_keqing_genshin_impact_drawn_by_jyt__3640fc57c27352dec102102e974a7f4f.jpg,https://danbooru.donmai.us/posts/5410806,,,,,,,,,
Characters\Keqing\Groping.jpg,__keqing_and_ningguang_genshin_impact_drawn_by_treetree233__614c31d38b6a3f9e4e16ab397011d8d0.jpg,https://danbooru.donmai.us/posts/4333094,,,,,,,,,
Characters\Keqing\InitialReluctance1.jpg,__keqing_genshin_impact_drawn_by_evasong__f4b67b565e900873ebe56066902fc8b4.jpg,https://danbooru.donmai.us/posts/4246016,,,,,,,,,
Characters\Keqing\InitialReluctance2.jpg,__keqing_genshin_impact_drawn_by_horosuke__81b9716bd666fcfe28ce10c966cde1c3.jpg,https://danbooru.donmai.us/posts/5188759,,,,,,,,,
Characters\Keqing\Lore2.png,102954896_p0.png,https://www.pixiv.net/en/artworks/102954896,,,,,,,,,
Characters\Keqing\Nude.png,KeqingNude.png,Self-Generation/Creation,,,,,,,,,
Characters\Keqing\PartyPane.jpg,__keqing_genshin_impact_drawn_by_723_nanahumi__3f3048e3c6fae92af371ca49b3b2c30c.jpg,https://danbooru.donmai.us/posts/6259285,,,,,,,,,
Characters\Keqing\Profile.jpg,__keqing_genshin_impact_drawn_by_723_nanahumi__3f3048e3c6fae92af371ca49b3b2c30c.jpg,https://danbooru.donmai.us/posts/6259285,,,,,,,,,
Characters\Keqing\Risque.jpg,__keqing_genshin_impact_drawn_by_styx__692f634303677f37c0defda4ac35db32.jpg,https://danbooru.donmai.us/posts/5976799,,,,,,,,,
Characters\Keqing\Splash.png,KeqingSplash.png,Self-Generation/Creation,,,,,,,,,
Characters\Keqing\SynergyGanyu1.png,__ganyu_and_keqing_genshin_impact_drawn_by_cocoballking__da81ad6c024a5efb368a586cbb207bd7.png,https://danbooru.donmai.us/posts/7055148,,,,,,,,,
Characters\Keqing\SynergyGanyu2.png,__ganyu_and_keqing_genshin_impact_drawn_by_rekka__66b64f95893111716418cf4f2ab70539.png,https://danbooru.donmai.us/posts/4564643,,,,,,,,,
Characters\Keqing\SynergyXiangling1.png,__keqing_xiangling_and_guoba_genshin_impact_drawn_by_gyoju_only_arme_nim__d6b766edfa4baa8d9e47666485328ce3.png,https://danbooru.donmai.us/posts/4819004,,,,,,,,,
Characters\Keqing\SynergyXiangling2.jpg,__keqing_xiangling_and_guoba_genshin_impact_drawn_by_riteral__0bb1a8a77f1cf7aff24f135249477443.jpg,https://danbooru.donmai.us/posts/4843727,,,,,,,,,
Characters\Keqing\TailPlug.png,__keqing_genshin_impact_drawn_by_cunimura1584__3d375556acd56f614f9ea69b91fc97bb.png,https://danbooru.donmai.us/posts/5686352,,,,,,,,,
Characters\Keqing\TightSeal.jpg,__keqing_genshin_impact_drawn_by_neps_l__21b714ae2edfd3c46ecdf0508b2de860.jpg,https://danbooru.donmai.us/posts/5046578,,,,,,,,,
Characters\Kujou Sara\FamilyTarget.png,__kujou_sara_genshin_impact_drawn_by_kosaki_wit__e60fa749439655ff7e2f172039ed95c6.png,https://danbooru.donmai.us/posts/5108633,,,,,,,,,
Characters\Kujou Sara\Femdom.jpg,__kujou_sara_genshin_impact_drawn_by_haneramu__cca2188c76ca125e5699a002f93b8f7c.jpg,https://danbooru.donmai.us/posts/5748107,,,,,,,,,
Characters\Kujou Sara\Fitness.jpg,__kujou_sara_genshin_impact_drawn_by_foxyreine__8b4ceabad95cf81eb6617ce4020b92ae.jpg,https://danbooru.donmai.us/posts/4897096,,,,,,,,,
Characters\Kujou Sara\ImpressivePerformance.jpg,__kujou_sara_genshin_impact_drawn_by_horosuke__82fb1ee69fa2936b4238d66cd252904a.jpg,https://danbooru.donmai.us/posts/5734522,,,,,,,,,
Characters\Kujou Sara\Nude.png,SaraNude.png,Self-Generation/Creation,,,,,,,,,
Characters\Kujou Sara\Paizuri1.jpg,__kujou_sara_and_arataki_itto_genshin_impact_drawn_by_sukoyaka93__ec513dab084db53568ccf697eb15935f.jpg,https://danbooru.donmai.us/posts/4851572,,,,,,,,,
Characters\Kujou Sara\Paizuri2.jpg,__kujou_sara_genshin_impact_drawn_by_chataring_mai__109c2b730b07d7144500d7a636f73d48.jpg,https://danbooru.donmai.us/posts/5663508,,,,,,,,,
Characters\Kujou Sara\PartyPane.jpg,__kujou_sara_genshin_impact_drawn_by_chun_nam__0fbe03a8be8f08dcaab5ad4b57770359.png,https://danbooru.donmai.us/posts/4868917,,,,,,,,,
Characters\Kujou Sara\Profile.jpg,__kujou_sara_genshin_impact_drawn_by_chun_nam__0fbe03a8be8f08dcaab5ad4b57770359.png,https://danbooru.donmai.us/posts/4868917,,,,,,,,,
Characters\Kujou Sara\RewardingSoldiers1.png,__kujou_sara_genshin_impact_drawn_by_asumi_000__05995bf51e60598b613c2064212205bd.png,https://danbooru.donmai.us/posts/6869973,,,,,,,,,
Characters\Kujou Sara\RewardingSoldiers2.jpg,__kujou_sara_genshin_impact_drawn_by_aztodio__a322f40c7ef1926cb30e38efc1df2fe1.jpg,https://danbooru.donmai.us/posts/5690494,,,,,,,,,
Characters\Kujou Sara\Ridicule.png,__kujou_sara_genshin_impact_drawn_by_shengtian__7044232108371eaaa87a51e558f21588.png,https://danbooru.donmai.us/posts/4883767,,,,,,,,,
Characters\Kujou Sara\Servitude1.jpg,__kujou_sara_genshin_impact_drawn_by_kauru00__307d80787d7c7cd407001fab825544c3.jpg,https://danbooru.donmai.us/posts/4754348,,,,,,,,,
Characters\Kujou Sara\Servitude2.png,__kujou_sara_genshin_impact_drawn_by_shikosour__49adec7b3736a9f8a1d7ac6491611677.png,https://danbooru.donmai.us/posts/6243979,,,,,,,,,
Characters\Kujou Sara\Smothering.png,__aether_paimon_and_kujou_sara_genshin_impact_drawn_by_t_ke_g__eed1e23ec6cdd6a107ba3922016d8afb.png,https://danbooru.donmai.us/posts/4840297,,,,,,,,,
Characters\Kujou Sara\SoftSpotforWomen.png,__kujou_sara_and_kuki_shinobu_genshin_impact_drawn_by_oofxyphxia__1ab398b164a8cdfc08e693b464213c02.png,https://danbooru.donmai.us/posts/5283877,,,,,,,,,
Characters\Kujou Sara\Splash.png,SaraSplash.png,Self-Generation/Creation,,,,,,,,,
Characters\Kujou Sara\Worship.jpg,__raiden_shogun_and_kujou_sara_genshin_impact_drawn_by_gzjn8382__0e6fe7f1574df18e0f6e36060bf5ed48.jpg,https://danbooru.donmai.us/posts/5266115,,,,,,,,,
Characters\Lisa\Breathplay.png,__mona_and_lisa_genshin_impact_drawn_by_pharamacom__9ee58a5ef466a7314e1e736163dfa25b.png,https://danbooru.donmai.us/posts/4241646,,,,,,,,,
Characters\Lisa\Electrocution.jpg,__lisa_genshin_impact_drawn_by_aquilar__2b434fa03bdc7ec9f5a51294ed66d2af.jpg,https://danbooru.donmai.us/posts/7098890,,,,,,,,,
Characters\Lisa\ElectroStrapon.jpg,__lisa_genshin_impact_drawn_by_futomomomoe__9a489a973ea4baab3aca98479d9f0d85.jpg,https://danbooru.donmai.us/posts/4765331,,,,,,,,,
Characters\Lisa\FavoniusWelcome1.png,__lisa_genshin_impact_drawn_by_queasy_s__a4eebd1640061d3c26e360391a916fbf.png,https://danbooru.donmai.us/posts/6151841,,,,,,,,,
Characters\Lisa\FavoniusWelcome2.jpg,__lisa_genshin_impact_drawn_by_kashu_hizake__52180089f1c28b86e486b0e6fc4281fa.jpg,https://danbooru.donmai.us/posts/4616178,,,,,,,,,
Characters\Lisa\Femdom1.jpg,__aether_and_lisa_genshin_impact_drawn_by_yuushiba__874d36780968f7280df15f195dddbfe1.jpg,https://danbooru.donmai.us/posts/6530653,,,,,,,,,
Characters\Lisa\Femdom2.jpg,__lisa_genshin_impact_drawn_by_sonri__79d71f1476cd0998e936c34a6ea08a47.jpg,https://danbooru.donmai.us/posts/5979069,,,,,,,,,
Characters\Lisa\Flirtatious.jpg,__lisa_genshin_impact_drawn_by_ivenglynn__83c1502b1c4d1dad63b4be9ed5959973.jpg,https://danbooru.donmai.us/posts/5420486,,,,,,,,,
Characters\Lisa\Nude.png,109373616_p0.png,https://www.pixiv.net/en/artworks/109373616,,,,,,,,,
Characters\Lisa\PartyPane.jpg,__lisa_genshin_impact_drawn_by_nekomierika__6c9ed7b87cbeedb0d3acb13f6949c36b.jpg,https://danbooru.donmai.us/posts/5454570,,,,,,,,,
Characters\Lisa\Profile.jpg,__lisa_genshin_impact_drawn_by_nekomierika__6c9ed7b87cbeedb0d3acb13f6949c36b.jpg,https://danbooru.donmai.us/posts/5454570,,,,,,,,,
Characters\Lisa\Restraints.jpg,__lumine_and_lisa_genshin_impact_drawn_by_lucifina_006__33502396cdb25814b7ac8742923e74d4.jpg,https://danbooru.donmai.us/posts/7214321,,,,,,,,,
Characters\Lisa\Ruthless.png,__lisa_genshin_impact_drawn_by_natsukn__9b0c6c4f35bdffce799757071254b721.png,https://danbooru.donmai.us/posts/5305853,,,,,,,,,
Characters\Lisa\Smothering1.jpg,__venti_and_lisa_genshin_impact_drawn_by_abbystea__c06566a0d7e3983bd0359360d6c7803d.jpg,https://danbooru.donmai.us/posts/4355742,,,,,,,,,
Characters\Lisa\Smothering2.png,__lisa_genshin_impact_drawn_by_ndgd__f50e4934f05f6c310bce28ae175f1c67.png,https://danbooru.donmai.us/posts/4144459,,,,,,,,,
Characters\Lisa\Splash.png,LisaSplash.png,Self-Generation/Creation,,,,,,,,,
Characters\Lisa\SumeruAkademiya1.jpg,__lisa_and_lisa_genshin_impact_drawn_by_tofuubear__de40b8d90d1bc27f48e8c35c8e900864.jpg,https://danbooru.donmai.us/posts/6205083,,,,,,,,,
Characters\Lisa\SumeruAkademiya2.jpg,__lisa_and_lisa_genshin_impact_drawn_by_osanai_shiina__7a943d8c50811f5ee594873fc04a3151.jpg,https://danbooru.donmai.us/posts/7033124,,,,,,,,,
Characters\Nilou\Ascension.png,113221807_p0.png,https://www.pixiv.net/en/artworks/113221807,,,,,,,,,
Characters\Nilou\FanClub.jpg,__nilou_genshin_impact_drawn_by_nanmo_nanmokamo__7fc8e98c9f236a2d19a6748e284b933b.jpg,https://danbooru.donmai.us/posts/5957465,,,,,,,,,
Characters\Nilou\Festival1.jpg,__nilou_genshin_impact_drawn_by_hototogisu_7kanu_7ra__35e8b6c76097a283e53df3e8b1fc7c85.jpg,https://danbooru.donmai.us/posts/5733700,,,,,,,,,
Characters\Nilou\Festival2.jpg,__nilou_genshin_impact_drawn_by_kanata_kanade_pa__d6f138f53f47c805a173b5040739477a.jpg,https://danbooru.donmai.us/posts/6271355,,,,,,,,,
Characters\Nilou\KinkBellyDancerOutfit1.png,__nilou_genshin_impact_drawn_by_utsuhostoria__dc08feab6b739619d55c6139c7356c09.png,https://danbooru.donmai.us/posts/6557344,,,,,,,,,
Characters\Nilou\KinkBellyDancerOutfit2.png,__nilou_genshin_impact_drawn_by_simao_x_x36131422__7658dd1320fcb6a235d5a915666e2bb7.png,https://danbooru.donmai.us/posts/5800307,,,,,,,,,
Characters\Nilou\KinkGroping.png,__nilou_genshin_impact_drawn_by_sak_lemondisk__8ddfdf0755c4d277cf446376dde67e4a.jpg,https://danbooru.donmai.us/posts/6112290,,,,,,,,,
Characters\Nilou\KinkMasochism1.jpg,__nilou_genshin_impact_drawn_by_nanmo_nanmokamo__7b8a915af3273d1305c921878ea8156a.jpg,https://danbooru.donmai.us/posts/5938012,,,,,,,,,
Characters\Nilou\KinkMasochism2.png,__aether_paimon_and_nilou_genshin_impact_drawn_by_runawaytourist__ad6a6c7a47b07e352c2704ed8df0f80b.png,https://danbooru.donmai.us/posts/6450540,,,,,,,,,
Characters\Nilou\KinkPublicSex.jpg,__nilou_genshin_impact_drawn_by_pantheon_eve__ba2ef101cf1bde4c2a7d34baaec4bb42.jpg,https://danbooru.donmai.us/posts/5797662,,,,,,,,,
Characters\Nilou\KinkRevealingClothing.jpg,__nilou_genshin_impact_drawn_by_bingchuan_xian_yu_huang__123e0395bd62fde7f7514ce588493815.jpg,https://danbooru.donmai.us/posts/6095976,,,,,,,,,
Characters\Nilou\KinkSpanking.jpg,__nilou_genshin_impact_drawn_by_hototogisu_7kanu_7ra__6c2fc9c01b0ae4af9b71d2388613043a.jpg,https://danbooru.donmai.us/posts/5754259,,,,,,,,,
Characters\Nilou\Nude.png,NilouNude.png,Self-Generation/Creation,,,,,,,,,
Characters\Nilou\PartyPane.jpg,__nilou_genshin_impact_drawn_by_teffish__ebe60d4355ba95b227eae1d87b2469f3.jpg,https://danbooru.donmai.us/posts/5647365,,,,,,,,,
Characters\Nilou\Profile.jpg,__nilou_genshin_impact_drawn_by_teffish__ebe60d4355ba95b227eae1d87b2469f3.jpg,https://danbooru.donmai.us/posts/5647365,,,,,,,,,
Characters\Nilou\SexIdol1.jpg,__nilou_genshin_impact_drawn_by_sp123__f4ab67586cf54d5d5f324a9be64dc4b8.jpg,https://danbooru.donmai.us/posts/6204166,,,,,,,,,
Characters\Nilou\SexIdol2.jpg,__nilou_genshin_impact_drawn_by_akusema__ea28f0cee0839cb1431059c9b0326cb2.jpg,https://danbooru.donmai.us/posts/5807385,,,,,,,,,
Characters\Nilou\Splash.png,NilouSplash.png,Self-Generation/Creation,,,,,,,,,
Characters\Ningguang\Bukkake.jpg,__ningguang_genshin_impact_drawn_by_xixing_si_yao_meng__7129259892f890ef245161cbd56e0498.jpg,https://danbooru.donmai.us/posts/4488897,,,,,,,,,
Characters\Ningguang\Children.png,__ningguang_baishi_and_baixiao_genshin_impact_drawn_by_roru_lol_dessin__8aafa327fff6f92c4d547defe2054a84.png,https://danbooru.donmai.us/posts/5418799,,,,,,,,,
Characters\Ningguang\Commodification.jpg,__ningguang_genshin_impact_drawn_by_genkung__65a41551d45d91fd6e3ad9e7a765711a.jpg,https://danbooru.donmai.us/posts/4363378,,,,,,,,,
Characters\Ningguang\DiverselyDesired1.png,__ningguang_genshin_impact_drawn_by_foolish_potato__257859114cc4a66569b5cf9428a78296.png,https://danbooru.donmai.us/posts/6271235,,,,,,,,,
Characters\Ningguang\DiverselyDesired2.jpg,__ningguang_genshin_impact_drawn_by_misaka_12003_gou__3c0dde88d1cb4daec4639fca6f21107e.jpg,https://danbooru.donmai.us/posts/6018523,,,,,,,,,
Characters\Ningguang\GroupSex.jpg,__ningguang_and_ningguang_genshin_impact_drawn_by_soso_chlgksk110__149a5ec0d5b4479fdeff18092fef891d.jpg,https://danbooru.donmai.us/posts/5273040,,,,,,,,,
Characters\Ningguang\JadeChamber.jpg,__ningguang_genshin_impact_drawn_by_yukie_kusaka_shi__0802a2acd45d65b0afbbc7fbef30a98c.jpg,https://danbooru.donmai.us/posts/5048302,,,,,,,,,
Characters\Ningguang\LingerieOutfits1.jpg,__ningguang_genshin_impact_drawn_by_tinnies__f0f18fe1a5d30a88fe9801365e7ed40a.jpg,https://danbooru.donmai.us/posts/5042570,,,,,,,,,
Characters\Ningguang\LingerieOutfits2.png,__ningguang_genshin_impact_drawn_by_sciamano240__22d4009e1a85471e841cf6a7223dcff6.png,https://danbooru.donmai.us/posts/4378979,,,,,,,,,
Characters\Ningguang\Nude.png,NingguangNude.png,Self-Generation/Creation,,,,,,,,,
Characters\Ningguang\PartyPane.jpg,__ningguang_and_ningguang_genshin_impact_drawn_by_lightria__4ab006b71d67ca3cfe7965e8bec36c9b.jpg,https://danbooru.donmai.us/posts/6018117,,,,,,,,,
Characters\Ningguang\Profile.jpg,__ningguang_and_ningguang_genshin_impact_drawn_by_lightria__4ab006b71d67ca3cfe7965e8bec36c9b.jpg,https://danbooru.donmai.us/posts/6018117,,,,,,,,,
Characters\Ningguang\Prostitution.jpg,__ningguang_genshin_impact_drawn_by_cloudlou__e3d7efd260df507418919b8e7d7eef83.jpg,https://danbooru.donmai.us/posts/4232347,,,,,,,,,
Characters\Ningguang\RevealingClothing.jpg,__ningguang_and_ningguang_genshin_impact_drawn_by_gohei_aoi_yuugure__eba9b6d6bb264d27b608139208a3aa87.jpg,https://danbooru.donmai.us/posts/5124259,,,,,,,,,
Characters\Ningguang\Splash.png,NingguangSplash.png,Self-Generation/Creation,,,,,,,,,
Characters\Ningguang\Worship1.jpg,__ningguang_genshin_impact_drawn_by_amagimei__6eafc705acf5f33d1e1110a753a65508.jpg,https://danbooru.donmai.us/posts/4328739,,,,,,,,,
Characters\Ningguang\Worship2.jpg,__ningguang_genshin_impact_drawn_by_leonileo_art__f0bad59659b52beb51c11a18525b8432.jpg,https://danbooru.donmai.us/posts/4338373,,,,,,,,,
Characters\Sangonomiya Kokomi\ComingOfAge1.jpg,__sangonomiya_kokomi_and_gorou_genshin_impact_drawn_by_cawchan__5fc32b324f373d8fa4f98d6fc8814ce2.jpg,https://danbooru.donmai.us/posts/6641098,,,,,,,,,
Characters\Sangonomiya Kokomi\ComingOfAge2.png,__sangonomiya_kokomi_genshin_impact_drawn_by_effect488__17d20b152d512e27ecab07b5c7530094.png,https://danbooru.donmai.us/posts/6432644,,,,,,,,,
Characters\Sangonomiya Kokomi\FirstPregnancy.jpg,__sangonomiya_kokomi_genshin_impact_drawn_by_suuru__8fbff6e384391125425b48de6dd749c2.jpg,https://danbooru.donmai.us/posts/5289123,,,,,,,,,
Characters\Sangonomiya Kokomi\KinkCreampies.jpg,__sangonomiya_kokomi_genshin_impact_drawn_by_maqin__0b85b4baa646ceb6aa35c3e419e682b8.jpg,https://danbooru.donmai.us/posts/4802915,,,,,,,,,
Characters\Sangonomiya Kokomi\KinkExposingClothing.jpg,__sangonomiya_kokomi_genshin_impact_drawn_by_kidovie__892367ebe541a64ca000d58a3de8418c.jpg,https://danbooru.donmai.us/posts/4766100,,,,,,,,,
Characters\Sangonomiya Kokomi\KinkObjectification.jpg,__sangonomiya_kokomi_genshin_impact_drawn_by_hototogisu_7kanu_7ra__c6d89485d686b3f3767cefa4e8edc68c.jpg,https://danbooru.donmai.us/posts/5807258,,,,,,,,,
Characters\Sangonomiya Kokomi\KinkPregnancy.jpg,110444346_p2.jpg,https://www.pixiv.net/en/artworks/110444346,,,,,,,,,
Characters\Sangonomiya Kokomi\KinkRevealingClothing.jpg,__sangonomiya_kokomi_genshin_impact_drawn_by_sak_lemondisk__3916e84cb3083b11a73fb180882cf209.jpg,https://danbooru.donmai.us/posts/5275048,,,,,,,,,
Characters\Sangonomiya Kokomi\KinkWorship1.jpg,__sangonomiya_kokomi_genshin_impact_drawn_by_lunacle__72dbd248af89744c8e46ab90b676ffff.jpg,https://danbooru.donmai.us/posts/6648888,,,,,,,,,
Characters\Sangonomiya Kokomi\KinkWorship2.jpg,__sangonomiya_kokomi_genshin_impact_drawn_by_ituka_kanau__3a3c12f3e0e1465eb0a788599dbc8e57.jpg,https://danbooru.donmai.us/posts/6574005,,,,,,,,,
Characters\Sangonomiya Kokomi\Lore2.jpg,__sangonomiya_kokomi_genshin_impact_drawn_by_haku89__bcf708c0907392a47dba416376b7f902.jpg,https://danbooru.donmai.us/posts/5561820,,,,,,,,,
Characters\Sangonomiya Kokomi\MilitaryRape.png,__sangonomiya_kokomi_genshin_impact_drawn_by_miazi__a309bb3812f33bd11e5b242ac6a9155c.png,https://danbooru.donmai.us/posts/4826313,,,,,,,,,
Characters\Sangonomiya Kokomi\Nude.png,KokomiNude.png,Self-Generation/Creation,,,,,,,,,
Characters\Sangonomiya Kokomi\PartyPane.jpg,__sangonomiya_kokomi_genshin_impact_drawn_by_lightria__54145cbbb3e902bd92b26746bed86e53.jpg,https://danbooru.donmai.us/posts/6087353,,,,,,,,,
Characters\Sangonomiya Kokomi\Profile.jpg,__sangonomiya_kokomi_genshin_impact_drawn_by_lightria__54145cbbb3e902bd92b26746bed86e53.jpg,https://danbooru.donmai.us/posts/6087353,,,,,,,,,
Characters\Sangonomiya Kokomi\PublicNudity.png,__sangonomiya_kokomi_genshin_impact_drawn_by_gweda__8a79bc251e399429c688044916ebe189.png,https://danbooru.donmai.us/posts/4807420,,,,,,,,,
Characters\Sangonomiya Kokomi\Splash.png,KokomiSplash.png,Self-Generation/Creation,,,,,,,,,
Characters\Yoimiya\Anal.jpg,__yoimiya_genshin_impact_drawn_by_elocca__0e54b9b0d4876fb7cd3277da52d3f178.jpg,https://danbooru.donmai.us/posts/6031078,,,,,,,,,
Characters\Yoimiya\Bondage.jpg,__yoimiya_genshin_impact_drawn_by_akchu__8f6aa8ca32c90bfb5538362bd12e5e24.jpg,https://danbooru.donmai.us/posts/4741159,,,,,,,,,
Characters\Yoimiya\Buttplug.png,113638415_p0.png,https://www.pixiv.net/en/artworks/113638415,,,,,,,,,
Characters\Yoimiya\ComingOfAge1.png,__yoimiya_genshin_impact_drawn_by_koromo_take__d3b0037b2e657c3f371674fbc5a6cdf3.png,https://danbooru.donmai.us/posts/5704113,,,,,,,,,
Characters\Yoimiya\ComingOfAge2.jpg,__yoimiya_genshin_impact_drawn_by_osanai_shiina__2129cb7b38714a332200f44341983fe5.jpg,https://danbooru.donmai.us/posts/6185780,,,,,,,,,
Characters\Yoimiya\GirlsNight.png,__kamisato_ayaka_and_yoimiya_genshin_impact_drawn_by_miazi__0eadea4962138902b115d4c70011860b.png,https://danbooru.donmai.us/posts/5153964,,,,,,,,,
Characters\Yoimiya\LargeDildo.jpg,__marnie_pokemon_and_1_more_drawn_by_fluffydango__4cc3484a5ce9f42635f5a7ba4edb3140.jpg,https://danbooru.donmai.us/posts/5669071,,,,,,,,,
Characters\Yoimiya\LightDresser.jpg,__yoimiya_genshin_impact_drawn_by_yeni1871__300ce3b2bdb7bed4420736d3374e67dd.jpg,https://danbooru.donmai.us/posts/6031272,,,,,,,,,
Characters\Yoimiya\Nude.png,YoimiyaNude.png,Self-Generation/Creation,,,,,,,,,
Characters\Yoimiya\PartyPane.jpg,__yoimiya_genshin_impact_drawn_by_takehana_note__ae703fb7e85eec590ebbe37bbaaf2b97.jpg,https://danbooru.donmai.us/posts/5909161,,,,,,,,,
Characters\Yoimiya\Profile.jpg,__yoimiya_genshin_impact_drawn_by_takehana_note__ae703fb7e85eec590ebbe37bbaaf2b97.jpg,https://danbooru.donmai.us/posts/5909161,,,,,,,,,
Characters\Yoimiya\SexToys.jpg,__yoimiya_genshin_impact_drawn_by_takashia_akimototakashia__38cf2087845dd7d83de6b3b58ae3495e.jpg,https://danbooru.donmai.us/posts/6341636,,,,,,,,,
Characters\Yoimiya\SexualExploration1.jpg,__yoimiya_genshin_impact_drawn_by_hanpenmaru__da3c415854f755846b2871bca80272e1.jpg,https://danbooru.donmai.us/posts/5018602,,,,,,,,,
Characters\Yoimiya\SexualExploration2.jpg,__yoimiya_genshin_impact_drawn_by_gueya__9b03c5204f159eee4c931f837f4851a0.jpg,https://danbooru.donmai.us/posts/5012585,,,,,,,,,
Characters\Yoimiya\Shibari.png,__yoimiya_genshin_impact_drawn_by_mumumu_hoshibito__9e6184a1d520f524e395996c3214bc0b.png,https://danbooru.donmai.us/posts/5836917,,,,,,,,,
Characters\Yoimiya\SocialButterfly1.png,__yoimiya_genshin_impact_drawn_by_merong__94b8cc1b64f3b8b060ebe82a7afefa1c.png,https://danbooru.donmai.us/posts/5008689,,,,,,,,,
Characters\Yoimiya\SocialButterfly2.jpg,__yoimiya_genshin_impact_drawn_by_takehana_note__eed03ea6caab79d456a898f6b64acd06.jpg,https://danbooru.donmai.us/posts/6548100,,,,,,,,,
Characters\Yoimiya\Splash.png,YoimiyaSplash.png,Self-Generation/Creation,,,,,,,,,
Life\Adventuring1.png,kms6j7pt.png,https://genshin-impact.fandom.com/wiki/Fantastic_Voyage_(Hangout_Event)?file=Hangout_Bennett_Act_1_Fruitless_Anticipation_Aether.png,,,,,,,,,
Life\Adventuring2.png,iz4slx2w.png,https://genshin-impact.fandom.com/wiki/Fantastic_Voyage_(Hangout_Event)?file=Hangout_Bennett_Act_1_Fortunate_Outcome_Lumine.png,,,,,,,,,
Life\Adventuring3.jpg,__noelle_ruin_guard_and_ruin_hunter_genshin_impact_drawn_by_chigalidepoi__00269025c2f921f05864c7af822798f2.jpg,https://danbooru.donmai.us/posts/4136547,,,,,,,,,
Life\City1.png,Fxz2uGNXsAASDzY.jpg,https://twitter.com/Velinxi/status/1665477349750497280,,,,,,,,,
Life\City2.png,N/A,In-Game,,,,,,,,,
Life\City3.png,N/A,In-Game,,,,,,,,,
Life\Shop1.png,N/A,In-Game,,,,,,,,,
Life\Shop2.png,N/A,In-Game,,,,,,,,,
Life\Shop3.jpg,__ganyu_lumine_keqing_ningguang_baishi_and_2_more_genshin_impact_drawn_by_xude__af59c29d3c39a7f3590238ea243ea5ed.jpg,https://danbooru.donmai.us/posts/5606582,,,,,,,,,
Life\Wild1.png,N/A,In-Game,,,,,,,,,
Life\Wild2.png,N/A,In-Game,,,,,,,,,
Life\Wild3.png,FR41MtOX0AEOt4b.jpg,https://twitter.com/kumagzter/status/1521712653575630849,,,,,,,,,
Party\ResonanceAnemo.jpg,__jean_genshin_impact_drawn_by_greem_bang__af86cf5e2accecb2d1e8e63550dfa725.jpg,https://danbooru.donmai.us/posts/6772638,,,,,,,,,
Party\ResonanceCryo.jpg,__ganyu_keqing_and_shenhe_genshin_impact_drawn_by_tinnies__e0271060e243f2c7b5401bc79382e65e.jpg,https://danbooru.donmai.us/posts/4994765,,,,,,,,,
Party\ResonanceDendro.png,__hilichurl_and_collei_genshin_impact_drawn_by_hajika__e90320ab598a176a91dd6f7ee0dc5ee9.png,https://danbooru.donmai.us/posts/5658000,,,,,,,,,
Party\ResonanceElectro.png,__raiden_shogun_and_yae_miko_genshin_impact_drawn_by_kie_wylee2212__9fe2ae2b4805653751d9a0cd230b7223.png,https://danbooru.donmai.us/posts/5694579,,,,,,,,,
Party\ResonanceGeo.png,__ningguang_and_hilichurl_genshin_impact_drawn_by_nyantcha__c134ca2c62f2b8044f482fd56b71947a.png,https://danbooru.donmai.us/posts/4718657,,,,,,,,,
Party\ResonanceHydro.png,__nahida_nilou_sangonomiya_kokomi_and_collei_genshin_impact_drawn_by_hidmin__a2b63a3e2b567f5d613984f8bf5d9c7b.png,https://danbooru.donmai.us/posts/5884462,,,,,,,,,
Party\ResonancePyro.png,__hu_tao_and_zhongli_genshin_impact_drawn_by_elocca__846fdfb15b556e3ef5c35c0fe18f3367.png,https://danbooru.donmai.us/posts/6642504,,,,,,,,,
Party Activities\TeamActivity_BathingTogether.png,__lumine_albedo_and_kamisato_ayato_genshin_impact_drawn_by_quinny_il__986bf3df960dc1093eebde562b1b18a8.png,https://danbooru.donmai.us/posts/6775647,,,,,,,,,
Party Activities\TeamActivity_CodeOfConduct.jpg,__wriothesley_genshin_impact_drawn_by_sachico66__07c941a2d8b5891b895a3b495c39fbbc.jpg,https://danbooru.donmai.us/posts/6787888,,,,,,,,,
Party Activities\TeamActivity_CombatTraining.jpg,__kujou_sara_and_arataki_itto_genshin_impact_drawn_by_canicoooo__c47f30b1be270f99792799517ba2c0b4.jpg,https://danbooru.donmai.us/posts/5010294,,,,,,,,,
Party Activities\TeamActivity_GroupSex.png,__raiden_shogun_yae_miko_and_kujou_sara_genshin_impact_drawn_by_oofxyphxia__2763a67b12b45c9742cea3fd08d2be17.png,https://danbooru.donmai.us/posts/5016398,,,,,,,,,
Party Activities\TeamActivity_SexualExclusivity.png,__yanfei_xiangling_and_kuki_shinobu_genshin_impact_drawn_by_oofxyphxia__12e8ed3c305a63c3dc71fda63f40da44.png,https://danbooru.donmai.us/posts/7149209,,,,,,,,,
Party Activities\TeamActivity_SharedBedspace.jpg,__raiden_shogun_hu_tao_furina_yoimiya_and_yanfei_genshin_impact_drawn_by_imasaki_kei__2856a18beca93f10d1e11c6abf1cf39a.jpg,https://danbooru.donmai.us/posts/7169597,,,,,,,,,
Party Activities\TeamActivity_SharedFinances.jpg,__tartaglia_yelan_and_xingqiu_genshin_impact_drawn_by_jwijaya_art__97860d314a5528264ba27f3690dfe47a.jpg,https://danbooru.donmai.us/posts/5400567,,,,,,,,,
Party Activities\TeamActivity_Uniform.png,__ganyu_and_keqing_genshin_impact_and_1_more_drawn_by_takemura_kou__7afe6c2fd92a8244d3cf47abde11f986.png,https://danbooru.donmai.us/posts/6961411,,,,,,,,,
Setting\Babies1.png,__lumine_and_klee_genshin_impact_drawn_by_artwele__addb5d859b4784de0240c17235765246.png,https://danbooru.donmai.us/posts/4824600,,,,,,,,,
Setting\Babies2.jpg,__kamisato_ayaka_and_hilichurl_genshin_impact_drawn_by_ouer_moyu__8d6431af1998020888c784bc54104e89.jpg,https://danbooru.donmai.us/posts/5533176,,,,,,,,,
Setting\Comingofage1.png,__fischl_genshin_impact_drawn_by_shengtian__cbecb145623c8937e2600ada4e21b5f0.png,https://danbooru.donmai.us/posts/6253816,,,,,,,,,
Setting\Comingofage2.jpg,__aether_kamisato_ayaka_and_kamisato_ayaka_genshin_impact_drawn_by_greem_bang__2f8ac5ff5b0fed774506af45edbd6bbc.jpg,https://danbooru.donmai.us/posts/6005791,,,,,,,,,
Setting\Fatui1.jpg,__mirror_maiden_genshin_impact_drawn_by_sanktkaisersavia__dfca409443fac79fe672efd4f0772424.jpg,https://danbooru.donmai.us/posts/4730778,,,,,,,,,
Setting\Fatui2.jpg,__cicin_mage_and_cryo_cicin_mage_genshin_impact_drawn_by_chamame__7ca582152d3a510167cb3fa95f9a7b26.jpg,https://danbooru.donmai.us/posts/5013506,,,,,,,,,
Setting\Hilichurl1.jpg,__lumine_sangonomiya_kokomi_and_hilichurl_genshin_impact_drawn_by_b_ginga__ecfd71d36ebc6b64786c9f8188978e8a.jpg,https://danbooru.donmai.us/posts/6468359,,,,,,,,,
Setting\Hilichurl2.png,__lumine_and_hilichurl_genshin_impact_drawn_by_mapyuhin_za_puremiyamu__064696e41c254f14f09f0f187b5a7965.png,https://danbooru.donmai.us/posts/4584933,,,,,,,,,
Setting\Rape1.jpg,__lumine_aether_and_tartaglia_genshin_impact_drawn_by_ue_xjhu3558__2f3d7c296c65854ffb7f3470d78eda6e.jpg,https://danbooru.donmai.us/posts/5237176,,,,,,,,,
Setting\Rape2.png,__keqing_genshin_impact_drawn_by_kunugi_miyaco__5cbb99a4fdd9750d9f1bc94ceeb10d04.png,https://danbooru.donmai.us/posts/4173008,,,,,,,,,
Setting\Slime1.jpg,__slime_genshin_impact_drawn_by_kardie__a29143be3f2d31d60e4325c34c40b77b.jpg,https://danbooru.donmai.us/posts/5545091,,,,,,,,,
Setting\Slime2.png,__original_drawn_by_hekirake__9424ddd3029d8da096801eccaf10c0af.png,https://danbooru.donmai.us/posts/3744943,,,,,,,,,
Setting\TeyvatImage1.jpg,__lumine_genshin_impact_drawn_by_eruthika__cc1b632d74e49e315256583e89ed800f.jpg,https://danbooru.donmai.us/posts/6407027,,,,,,,,,
Setting\TeyvatImage2.jpg,__ganyu_genshin_impact_drawn_by_mikanoisi__e1b068223780d68c731b365eb7ce9450.jpg,https://danbooru.donmai.us/posts/4769649,,,,,,,,,
Setting\Vision1.jpg,__nilou_genshin_impact_drawn_by_ym_1__31f9d2418279694d6304baf48d0bd85e.jpg,https://danbooru.donmai.us/posts/5657778,,,,,,,,,
Setting\Vision2.png,__lisa_genshin_impact_drawn_by_nalumia__4a0bbe14247f06a9ed86502457f6be79.png,https://danbooru.donmai.us/posts/5447616,,,,,,,,,
SplashAndrogynous.png,AndrogynousSplash.png,Self-Generation/Creation,,,,,,,,,
SplashFemale.png,LumineSplash.png,Self-Generation/Creation,,,,,,,,,
SplashMale.png,AetherSplash.png,Self-Generation/Creation,,,,,,,,,
Sustainer2.jpg,ab67616d0000b27313fbdcd1be625d23d5c7a4d6.jpg,https://open.spotify.com/track/51PDTC2QG05Iv8uGym2dB8,,,,,,,,,
SustainerOfHeavenlyPrinciples.png,113351800_p0.png,https://www.pixiv.net/en/artworks/113351800,,,,,,,,,
